modelo,comparacao,tipo,particao,estrato,metrica,valor,familia,estatuto_nulo,escore,contra,aurc_contra,aurc_escore,delta,ci_low,ci_high,n_entidades,n_sentencas,n_degeneradas,veredito
gliner_base-ft-genia__sinais,C1,descriptive,teste inteiro,todos,R2_massa_vs_fracao_geometrica,0.9648,geometrico,—,,,,,,,,,,,
gliner_base-ft-genia__sinais,C1,descriptive,teste inteiro,todos,mediana_observado_sobre_esperado,0.5339,geometrico,—,,,,,,,,,,,
gliner_base-ft-genia__sinais,C1,descriptive,teste inteiro,todos,n_entidades,5276,geometrico,—,,,,,,,,,,,
gliner_base-ft-genia__sinais,C1,descriptive,teste inteiro,k=1,R2_massa_vs_fracao_geometrica,0.6517,geometrico,—,,,,,,,,,,,
gliner_base-ft-genia__sinais,C1,descriptive,teste inteiro,k=1,mediana_observado_sobre_esperado,0.6518,geometrico,—,,,,,,,,,,,
gliner_base-ft-genia__sinais,C1,descriptive,teste inteiro,k=1,n_entidades,566,geometrico,—,,,,,,,,,,,
gliner_base-ft-genia__sinais,C1,descriptive,teste inteiro,k=2,R2_massa_vs_fracao_geometrica,0.8346,geometrico,—,,,,,,,,,,,
gliner_base-ft-genia__sinais,C1,descriptive,teste inteiro,k=2,mediana_observado_sobre_esperado,0.5492,geometrico,—,,,,,,,,,,,
gliner_base-ft-genia__sinais,C1,descriptive,teste inteiro,k=2,n_entidades,1447,geometrico,—,,,,,,,,,,,
gliner_base-ft-genia__sinais,C1,descriptive,teste inteiro,k=3-4,R2_massa_vs_fracao_geometrica,0.9295,geometrico,—,,,,,,,,,,,
gliner_base-ft-genia__sinais,C1,descriptive,teste inteiro,k=3-4,mediana_observado_sobre_esperado,0.5197,geometrico,—,,,,,,,,,,,
gliner_base-ft-genia__sinais,C1,descriptive,teste inteiro,k=3-4,n_entidades,2109,geometrico,—,,,,,,,,,,,
gliner_base-ft-genia__sinais,C1,descriptive,teste inteiro,k>=5,R2_massa_vs_fracao_geometrica,0.9628,geometrico,—,,,,,,,,,,,
gliner_base-ft-genia__sinais,C1,descriptive,teste inteiro,k>=5,mediana_observado_sobre_esperado,0.5286,geometrico,—,,,,,,,,,,,
gliner_base-ft-genia__sinais,C1,descriptive,teste inteiro,k>=5,n_entidades,1154,geometrico,—,,,,,,,,,,,
gliner_base-ft-genia__sinais,C2,verdict,avaliação,todos,,,atencao,exato,span_mass,geometric_fraction,0.228,0.2267,-0.0014,-0.0042,0.0014,3685,1190,0,NÃO ACRESCENTA (IC contém zero)
gliner_base-ft-genia__sinais,C2,verdict,avaliação,k=1,,,atencao,exato,span_mass,geometric_fraction,0.4038,0.3545,-0.0493,-0.0811,-0.0168,395,309,0,ACRESCENTA
gliner_base-ft-genia__sinais,C2,verdict,avaliação,k=2,,,atencao,exato,span_mass,geometric_fraction,0.2471,0.2426,-0.0045,-0.0155,0.0071,1011,636,0,NÃO ACRESCENTA (IC contém zero)
gliner_base-ft-genia__sinais,C2,verdict,avaliação,k=3-4,,,atencao,exato,span_mass,geometric_fraction,0.2457,0.2425,-0.0032,-0.0095,0.003,1467,823,0,NÃO ACRESCENTA (IC contém zero)
gliner_base-ft-genia__sinais,C2,verdict,avaliação,k>=5,,,atencao,exato,span_mass,geometric_fraction,0.213,0.2123,-0.0006,-0.0083,0.0069,812,563,0,NÃO ACRESCENTA (IC contém zero)
gliner_base-ft-genia__sinais,C2,verdict,avaliação,aninhado,,,atencao,exato,span_mass,geometric_fraction,0.6394,0.6709,0.0315,0.0148,0.0494,285,190,0,PIOR que a base
gliner_base-ft-genia__sinais,C2,verdict,avaliação,plano,,,atencao,exato,span_mass,geometric_fraction,0.2017,0.1994,-0.0023,-0.0051,0.0004,3400,1171,0,NÃO ACRESCENTA (IC contém zero)
gliner_base-ft-genia__sinais,C3,verdict,avaliação,todos,,,geometrico,—,model_confidence+enrichment,model_confidence,0.1101,0.1122,0.002,-0.0008,0.0051,3685,1190,0,NÃO ACRESCENTA (IC contém zero)
gliner_base-ft-genia__sinais,C3,verdict,avaliação,k=1,,,geometrico,—,model_confidence+enrichment,model_confidence,0.184,0.1782,-0.0058,-0.0135,0.0031,395,309,0,NÃO ACRESCENTA (IC contém zero)
gliner_base-ft-genia__sinais,C3,verdict,avaliação,k=2,,,geometrico,—,model_confidence+enrichment,model_confidence,0.1169,0.1235,0.0066,-0.0009,0.0159,1011,636,0,NÃO ACRESCENTA (IC contém zero)
gliner_base-ft-genia__sinais,C3,verdict,avaliação,k=3-4,,,geometrico,—,model_confidence+enrichment,model_confidence,0.0986,0.0985,-0.0001,-0.0029,0.0031,1467,823,0,NÃO ACRESCENTA (IC contém zero)
gliner_base-ft-genia__sinais,C3,verdict,avaliação,k>=5,,,geometrico,—,model_confidence+enrichment,model_confidence,0.0905,0.0929,0.0023,-0.0009,0.0066,812,563,0,NÃO ACRESCENTA (IC contém zero)
gliner_base-ft-genia__sinais,C3,verdict,avaliação,aninhado,,,geometrico,—,model_confidence+enrichment,model_confidence,0.5681,0.5736,0.0055,-0.0009,0.0147,285,190,0,NÃO ACRESCENTA (IC contém zero)
gliner_base-ft-genia__sinais,C3,verdict,avaliação,plano,,,geometrico,—,model_confidence+enrichment,model_confidence,0.0946,0.0968,0.0022,-0.001,0.0058,3400,1171,0,NÃO ACRESCENTA (IC contém zero)
gliner_base-ft-genia__sinais,T1,descriptive,teste inteiro,todos,R2_massa_vs_fracao_geometrica,0.9648,geometrico,—,,,,,,,,,,,
gliner_base-ft-genia__sinais,T1,descriptive,teste inteiro,todos,mediana_observado_sobre_esperado,0.5339,geometrico,—,,,,,,,,,,,
gliner_base-ft-genia__sinais,T1,descriptive,teste inteiro,todos,n_entidades,5276,geometrico,—,,,,,,,,,,,
gliner_base-ft-genia__sinais,T1,descriptive,teste inteiro,k=1,R2_massa_vs_fracao_geometrica,0.6517,geometrico,—,,,,,,,,,,,
gliner_base-ft-genia__sinais,T1,descriptive,teste inteiro,k=1,mediana_observado_sobre_esperado,0.6518,geometrico,—,,,,,,,,,,,
gliner_base-ft-genia__sinais,T1,descriptive,teste inteiro,k=1,n_entidades,566,geometrico,—,,,,,,,,,,,
gliner_base-ft-genia__sinais,T1,descriptive,teste inteiro,k=2,R2_massa_vs_fracao_geometrica,0.8346,geometrico,—,,,,,,,,,,,
gliner_base-ft-genia__sinais,T1,descriptive,teste inteiro,k=2,mediana_observado_sobre_esperado,0.5492,geometrico,—,,,,,,,,,,,
gliner_base-ft-genia__sinais,T1,descriptive,teste inteiro,k=2,n_entidades,1447,geometrico,—,,,,,,,,,,,
gliner_base-ft-genia__sinais,T1,descriptive,teste inteiro,k=3-4,R2_massa_vs_fracao_geometrica,0.9295,geometrico,—,,,,,,,,,,,
gliner_base-ft-genia__sinais,T1,descriptive,teste inteiro,k=3-4,mediana_observado_sobre_esperado,0.5197,geometrico,—,,,,,,,,,,,
gliner_base-ft-genia__sinais,T1,descriptive,teste inteiro,k=3-4,n_entidades,2109,geometrico,—,,,,,,,,,,,
gliner_base-ft-genia__sinais,T1,descriptive,teste inteiro,k>=5,R2_massa_vs_fracao_geometrica,0.9628,geometrico,—,,,,,,,,,,,
gliner_base-ft-genia__sinais,T1,descriptive,teste inteiro,k>=5,mediana_observado_sobre_esperado,0.5286,geometrico,—,,,,,,,,,,,
gliner_base-ft-genia__sinais,T1,descriptive,teste inteiro,k>=5,n_entidades,1154,geometrico,—,,,,,,,,,,,
gliner_base-ft-genia__sinais,escores,descriptive,avaliação,todos,aurc_acaso,0.2418,geometrico,—,,,,,,,,,,,
gliner_base-ft-genia__sinais,escores,descriptive,avaliação,todos,aurc_span_size,0.2262,geometrico,—,,,,,,,,,,,melhor que o acaso
gliner_base-ft-genia__sinais,escores,descriptive,avaliação,todos,aurc_geometric_fraction,0.228,geometrico,—,,,,,,,,,,,melhor que o acaso
gliner_base-ft-genia__sinais,escores,descriptive,avaliação,todos,aurc_sentence_length,0.2396,geometrico,—,,,,,,,,,,,melhor que o acaso
gliner_base-ft-genia__sinais,escores,descriptive,avaliação,todos,aurc_row_entropy,0.2444,geometrico,—,,,,,,,,,,,NÃO melhor que o acaso
gliner_base-ft-genia__sinais,escores,descriptive,avaliação,todos,aurc_row_max,0.2569,geometrico,—,,,,,,,,,,,NÃO melhor que o acaso
gliner_base-ft-genia__sinais,escores,descriptive,avaliação,todos,aurc_emitted_mass,0.2975,geometrico,—,,,,,,,,,,,NÃO melhor que o acaso
gliner_base-ft-genia__sinais,escores,descriptive,avaliação,todos,aurc_hidden_norm,0.3,geometrico,—,,,,,,,,,,,NÃO melhor que o acaso
gliner_base-ft-genia__sinais,escores,descriptive,avaliação,todos,aurc_hidden_dist_centroide,0.2748,geometrico,—,,,,,,,,,,,NÃO melhor que o acaso
gliner_base-ft-genia__sinais,escores,descriptive,avaliação,todos,aurc_hidden_delta_camadas,0.3042,geometrico,—,,,,,,,,,,,NÃO melhor que o acaso
gliner_base-ft-genia__sinais,escores,descriptive,avaliação,todos,aurc_logit_margin,0.1088,geometrico,—,,,,,,,,,,,melhor que o acaso
gliner_base-ft-genia__sinais,escores,descriptive,avaliação,todos,aurc_logit_entropy,0.3425,geometrico,—,,,,,,,,,,,NÃO melhor que o acaso
gliner_base-ft-genia__sinais,escores,descriptive,avaliação,todos,aurc_logit_max,0.1101,geometrico,—,,,,,,,,,,,melhor que o acaso
gliner_base-ft-genia__sinais,escores,descriptive,avaliação,todos,aurc_span_mass,0.2267,geometrico,—,,,,,,,,,,,melhor que o acaso
gliner_base-ft-genia__sinais,escores,descriptive,avaliação,todos,aurc_model_confidence,0.1101,geometrico,—,,,,,,,,,,,melhor que o acaso
gliner_base-ft-genia__sinais,controle,descriptive,teste inteiro,todos,corr_span_size_vs_comprimento,0.0626,geometrico,—,,,,,,,,,,,
gliner_base-ft-genia__sinais,controle,descriptive,teste inteiro,todos,corr_geometric_fraction_vs_comprimento,-0.4591,geometrico,—,,,,,,,,,,,
gliner_base-ft-genia__sinais,controle,descriptive,teste inteiro,todos,corr_sentence_length_vs_comprimento,1.0,geometrico,—,,,,,,,,,,,
gliner_base-ft-genia__sinais,controle,descriptive,teste inteiro,todos,corr_row_entropy_vs_comprimento,0.765,geometrico,—,,,,,,,,,,,
gliner_base-ft-genia__sinais,controle,descriptive,teste inteiro,todos,corr_row_max_vs_comprimento,-0.3972,geometrico,—,,,,,,,,,,,
gliner_base-ft-genia__sinais,controle,descriptive,teste inteiro,todos,corr_emitted_mass_vs_comprimento,0.1155,geometrico,—,,,,,,,,,,,
gliner_base-ft-genia__sinais,controle,descriptive,teste inteiro,todos,corr_hidden_norm_vs_comprimento,0.0013,geometrico,—,,,,,,,,,,,
gliner_base-ft-genia__sinais,controle,descriptive,teste inteiro,todos,corr_hidden_dist_centroide_vs_comprimento,0.0723,geometrico,—,,,,,,,,,,,
gliner_base-ft-genia__sinais,controle,descriptive,teste inteiro,todos,corr_hidden_delta_camadas_vs_comprimento,-0.1577,geometrico,—,,,,,,,,,,,
gliner_base-ft-genia__sinais,controle,descriptive,teste inteiro,todos,corr_logit_margin_vs_comprimento,-0.0213,geometrico,—,,,,,,,,,,,
gliner_base-ft-genia__sinais,controle,descriptive,teste inteiro,todos,corr_logit_entropy_vs_comprimento,-0.0038,geometrico,—,,,,,,,,,,,
gliner_base-ft-genia__sinais,controle,descriptive,teste inteiro,todos,corr_logit_max_vs_comprimento,-0.0335,geometrico,—,,,,,,,,,,,
gliner_base-ft-genia__sinais,controle,descriptive,teste inteiro,todos,corr_span_mass_vs_comprimento,-0.4314,geometrico,—,,,,,,,,,,,
gliner_base-ft-genia__sinais,controle,descriptive,teste inteiro,todos,corr_model_confidence_vs_comprimento,-0.0335,geometrico,—,,,,,,,,,,,
gliner_base-ft-conll2003__sinais,C1,descriptive,teste inteiro,todos,R2_massa_vs_fracao_geometrica,0.9222,geometrico,—,,,,,,,,,,,
gliner_base-ft-conll2003__sinais,C1,descriptive,teste inteiro,todos,mediana_observado_sobre_esperado,0.4693,geometrico,—,,,,,,,,,,,
gliner_base-ft-conll2003__sinais,C1,descriptive,teste inteiro,todos,n_entidades,5839,geometrico,—,,,,,,,,,,,
gliner_base-ft-conll2003__sinais,C1,descriptive,teste inteiro,k=1,R2_massa_vs_fracao_geometrica,0.779,geometrico,—,,,,,,,,,,,
gliner_base-ft-conll2003__sinais,C1,descriptive,teste inteiro,k=1,mediana_observado_sobre_esperado,0.5098,geometrico,—,,,,,,,,,,,
gliner_base-ft-conll2003__sinais,C1,descriptive,teste inteiro,k=1,n_entidades,2798,geometrico,—,,,,,,,,,,,
gliner_base-ft-conll2003__sinais,C1,descriptive,teste inteiro,k=2,R2_massa_vs_fracao_geometrica,0.9446,geometrico,—,,,,,,,,,,,
gliner_base-ft-conll2003__sinais,C1,descriptive,teste inteiro,k=2,mediana_observado_sobre_esperado,0.4597,geometrico,—,,,,,,,,,,,
gliner_base-ft-conll2003__sinais,C1,descriptive,teste inteiro,k=2,n_entidades,1465,geometrico,—,,,,,,,,,,,
gliner_base-ft-conll2003__sinais,C1,descriptive,teste inteiro,k=3-4,R2_massa_vs_fracao_geometrica,0.9671,geometrico,—,,,,,,,,,,,
gliner_base-ft-conll2003__sinais,C1,descriptive,teste inteiro,k=3-4,mediana_observado_sobre_esperado,0.4522,geometrico,—,,,,,,,,,,,
gliner_base-ft-conll2003__sinais,C1,descriptive,teste inteiro,k=3-4,n_entidades,1303,geometrico,—,,,,,,,,,,,
gliner_base-ft-conll2003__sinais,C1,descriptive,teste inteiro,k>=5,R2_massa_vs_fracao_geometrica,0.9683,geometrico,—,,,,,,,,,,,
gliner_base-ft-conll2003__sinais,C1,descriptive,teste inteiro,k>=5,mediana_observado_sobre_esperado,0.4591,geometrico,—,,,,,,,,,,,
gliner_base-ft-conll2003__sinais,C1,descriptive,teste inteiro,k>=5,n_entidades,273,geometrico,—,,,,,,,,,,,
gliner_base-ft-conll2003__sinais,C2,verdict,avaliação,todos,,,atencao,exato,span_mass,geometric_fraction,0.083,0.0828,-0.0001,-0.0035,0.0032,4079,2023,0,NÃO ACRESCENTA (IC contém zero)
gliner_base-ft-conll2003__sinais,C2,verdict,avaliação,k=1,,,atencao,exato,span_mass,geometric_fraction,0.0802,0.0808,0.0006,-0.0058,0.0069,1925,1343,0,NÃO ACRESCENTA (IC contém zero)
gliner_base-ft-conll2003__sinais,C2,verdict,avaliação,k=2,,,atencao,exato,span_mass,geometric_fraction,0.0895,0.0953,0.0057,-0.0008,0.0135,1034,810,0,NÃO ACRESCENTA (IC contém zero)
gliner_base-ft-conll2003__sinais,C2,verdict,avaliação,k=3-4,,,atencao,exato,span_mass,geometric_fraction,0.0869,0.088,0.0011,-0.0028,0.0057,920,719,0,NÃO ACRESCENTA (IC contém zero)
gliner_base-ft-conll2003__sinais,C2,verdict,avaliação,k>=5,,,atencao,exato,span_mass,geometric_fraction,0.0668,0.057,-0.0098,-0.0287,-0.003,200,181,0,ACRESCENTA
gliner_base-ft-conll2003__sinais,C2,verdict,avaliação,aninhado,,,geometrico,—,,,,,,,,29,,,NÃO AVALIADO (estrato pequeno ou de perda constante)
gliner_base-ft-conll2003__sinais,C2,verdict,avaliação,plano,,,atencao,exato,span_mass,geometric_fraction,0.0761,0.0758,-0.0003,-0.0036,0.0031,4050,2020,0,NÃO ACRESCENTA (IC contém zero)
gliner_base-ft-conll2003__sinais,C3,verdict,avaliação,todos,,,geometrico,—,model_confidence+enrichment,model_confidence,0.0482,0.0482,0.0,0.0,0.0,4079,2023,0,NÃO ACRESCENTA (IC contém zero)
gliner_base-ft-conll2003__sinais,C3,verdict,avaliação,k=1,,,geometrico,—,model_confidence+enrichment,model_confidence,0.0338,0.0338,0.0,0.0,0.0,1925,1343,0,NÃO ACRESCENTA (IC contém zero)
gliner_base-ft-conll2003__sinais,C3,verdict,avaliação,k=2,,,geometrico,—,model_confidence+enrichment,model_confidence,0.0626,0.0626,0.0,0.0,0.0,1034,810,0,NÃO ACRESCENTA (IC contém zero)
gliner_base-ft-conll2003__sinais,C3,verdict,avaliação,k=3-4,,,geometrico,—,model_confidence+enrichment,model_confidence,0.0657,0.0657,0.0,0.0,0.0,920,719,0,NÃO ACRESCENTA (IC contém zero)
gliner_base-ft-conll2003__sinais,C3,verdict,avaliação,k>=5,,,geometrico,—,model_confidence+enrichment,model_confidence,0.0501,0.0501,0.0,0.0,0.0,200,181,0,NÃO ACRESCENTA (IC contém zero)
gliner_base-ft-conll2003__sinais,C3,verdict,avaliação,aninhado,,,geometrico,—,,,,,,,,29,,,NÃO AVALIADO (estrato pequeno ou de perda constante)
gliner_base-ft-conll2003__sinais,C3,verdict,avaliação,plano,,,geometrico,—,model_confidence+enrichment,model_confidence,0.0453,0.0453,0.0,0.0,0.0,4050,2020,0,NÃO ACRESCENTA (IC contém zero)
gliner_base-ft-conll2003__sinais,T1,descriptive,teste inteiro,todos,R2_massa_vs_fracao_geometrica,0.9222,geometrico,—,,,,,,,,,,,
gliner_base-ft-conll2003__sinais,T1,descriptive,teste inteiro,todos,mediana_observado_sobre_esperado,0.4693,geometrico,—,,,,,,,,,,,
gliner_base-ft-conll2003__sinais,T1,descriptive,teste inteiro,todos,n_entidades,5839,geometrico,—,,,,,,,,,,,
gliner_base-ft-conll2003__sinais,T1,descriptive,teste inteiro,k=1,R2_massa_vs_fracao_geometrica,0.779,geometrico,—,,,,,,,,,,,
gliner_base-ft-conll2003__sinais,T1,descriptive,teste inteiro,k=1,mediana_observado_sobre_esperado,0.5098,geometrico,—,,,,,,,,,,,
gliner_base-ft-conll2003__sinais,T1,descriptive,teste inteiro,k=1,n_entidades,2798,geometrico,—,,,,,,,,,,,
gliner_base-ft-conll2003__sinais,T1,descriptive,teste inteiro,k=2,R2_massa_vs_fracao_geometrica,0.9446,geometrico,—,,,,,,,,,,,
gliner_base-ft-conll2003__sinais,T1,descriptive,teste inteiro,k=2,mediana_observado_sobre_esperado,0.4597,geometrico,—,,,,,,,,,,,
gliner_base-ft-conll2003__sinais,T1,descriptive,teste inteiro,k=2,n_entidades,1465,geometrico,—,,,,,,,,,,,
gliner_base-ft-conll2003__sinais,T1,descriptive,teste inteiro,k=3-4,R2_massa_vs_fracao_geometrica,0.9671,geometrico,—,,,,,,,,,,,
gliner_base-ft-conll2003__sinais,T1,descriptive,teste inteiro,k=3-4,mediana_observado_sobre_esperado,0.4522,geometrico,—,,,,,,,,,,,
gliner_base-ft-conll2003__sinais,T1,descriptive,teste inteiro,k=3-4,n_entidades,1303,geometrico,—,,,,,,,,,,,
gliner_base-ft-conll2003__sinais,T1,descriptive,teste inteiro,k>=5,R2_massa_vs_fracao_geometrica,0.9683,geometrico,—,,,,,,,,,,,
gliner_base-ft-conll2003__sinais,T1,descriptive,teste inteiro,k>=5,mediana_observado_sobre_esperado,0.4591,geometrico,—,,,,,,,,,,,
gliner_base-ft-conll2003__sinais,T1,descriptive,teste inteiro,k>=5,n_entidades,273,geometrico,—,,,,,,,,,,,
gliner_base-ft-conll2003__sinais,escores,descriptive,avaliação,todos,aurc_acaso,0.1003,geometrico,—,,,,,,,,,,,
gliner_base-ft-conll2003__sinais,escores,descriptive,avaliação,todos,aurc_span_size,0.1192,geometrico,—,,,,,,,,,,,NÃO melhor que o acaso
gliner_base-ft-conll2003__sinais,escores,descriptive,avaliação,todos,aurc_geometric_fraction,0.1518,geometrico,—,,,,,,,,,,,NÃO melhor que o acaso
gliner_base-ft-conll2003__sinais,escores,descriptive,avaliação,todos,aurc_sentence_length,0.0831,geometrico,—,,,,,,,,,,,melhor que o acaso
gliner_base-ft-conll2003__sinais,escores,descriptive,avaliação,todos,aurc_row_entropy,0.088,geometrico,—,,,,,,,,,,,melhor que o acaso
gliner_base-ft-conll2003__sinais,escores,descriptive,avaliação,todos,aurc_row_max,0.1085,geometrico,—,,,,,,,,,,,NÃO melhor que o acaso
gliner_base-ft-conll2003__sinais,escores,descriptive,avaliação,todos,aurc_emitted_mass,0.0979,geometrico,—,,,,,,,,,,,melhor que o acaso
gliner_base-ft-conll2003__sinais,escores,descriptive,avaliação,todos,aurc_hidden_norm,0.1512,geometrico,—,,,,,,,,,,,NÃO melhor que o acaso
gliner_base-ft-conll2003__sinais,escores,descriptive,avaliação,todos,aurc_hidden_dist_centroide,0.0908,geometrico,—,,,,,,,,,,,melhor que o acaso
gliner_base-ft-conll2003__sinais,escores,descriptive,avaliação,todos,aurc_hidden_delta_camadas,0.1021,geometrico,—,,,,,,,,,,,NÃO melhor que o acaso
gliner_base-ft-conll2003__sinais,escores,descriptive,avaliação,todos,aurc_logit_margin,0.0391,geometrico,—,,,,,,,,,,,melhor que o acaso
gliner_base-ft-conll2003__sinais,escores,descriptive,avaliação,todos,aurc_logit_entropy,0.2869,geometrico,—,,,,,,,,,,,NÃO melhor que o acaso
gliner_base-ft-conll2003__sinais,escores,descriptive,avaliação,todos,aurc_logit_max,0.0482,geometrico,—,,,,,,,,,,,melhor que o acaso
gliner_base-ft-conll2003__sinais,escores,descriptive,avaliação,todos,aurc_span_mass,0.1494,geometrico,—,,,,,,,,,,,NÃO melhor que o acaso
gliner_base-ft-conll2003__sinais,escores,descriptive,avaliação,todos,aurc_model_confidence,0.0482,geometrico,—,,,,,,,,,,,melhor que o acaso
gliner_base-ft-conll2003__sinais,controle,descriptive,teste inteiro,todos,corr_span_size_vs_comprimento,0.1146,geometrico,—,,,,,,,,,,,
gliner_base-ft-conll2003__sinais,controle,descriptive,teste inteiro,todos,corr_geometric_fraction_vs_comprimento,-0.5133,geometrico,—,,,,,,,,,,,
gliner_base-ft-conll2003__sinais,controle,descriptive,teste inteiro,todos,corr_sentence_length_vs_comprimento,1.0,geometrico,—,,,,,,,,,,,
gliner_base-ft-conll2003__sinais,controle,descriptive,teste inteiro,todos,corr_row_entropy_vs_comprimento,0.8391,geometrico,—,,,,,,,,,,,
gliner_base-ft-conll2003__sinais,controle,descriptive,teste inteiro,todos,corr_row_max_vs_comprimento,-0.6253,geometrico,—,,,,,,,,,,,
gliner_base-ft-conll2003__sinais,controle,descriptive,teste inteiro,todos,corr_emitted_mass_vs_comprimento,0.0793,geometrico,—,,,,,,,,,,,
gliner_base-ft-conll2003__sinais,controle,descriptive,teste inteiro,todos,corr_hidden_norm_vs_comprimento,0.0465,geometrico,—,,,,,,,,,,,
gliner_base-ft-conll2003__sinais,controle,descriptive,teste inteiro,todos,corr_hidden_dist_centroide_vs_comprimento,0.0825,geometrico,—,,,,,,,,,,,
gliner_base-ft-conll2003__sinais,controle,descriptive,teste inteiro,todos,corr_hidden_delta_camadas_vs_comprimento,-0.1686,geometrico,—,,,,,,,,,,,
gliner_base-ft-conll2003__sinais,controle,descriptive,teste inteiro,todos,corr_logit_margin_vs_comprimento,0.0426,geometrico,—,,,,,,,,,,,
gliner_base-ft-conll2003__sinais,controle,descriptive,teste inteiro,todos,corr_logit_entropy_vs_comprimento,-0.0456,geometrico,—,,,,,,,,,,,
gliner_base-ft-conll2003__sinais,controle,descriptive,teste inteiro,todos,corr_logit_max_vs_comprimento,0.0138,geometrico,—,,,,,,,,,,,
gliner_base-ft-conll2003__sinais,controle,descriptive,teste inteiro,todos,corr_span_mass_vs_comprimento,-0.4748,geometrico,—,,,,,,,,,,,
gliner_base-ft-conll2003__sinais,controle,descriptive,teste inteiro,todos,corr_model_confidence_vs_comprimento,0.0138,geometrico,—,,,,,,,,,,,
