modelo,corpus,comparacao,tipo,supervisor,grade,meta,meta_absoluta,vao_fechado,alcancavel,review_load,coverage,precision,recall,f1,n_delivered,familia,estatuto_nulo,contra,review_load_contra,delta,ci_low,ci_high,n_entidades,n_sentencas,n_reamostragens,n_degeneradas,veredito
gliner_base-ft-genia__sinais,genia,T1,descriptive,(sem supervisor),—,—,,0.0,sim,0.0,1.0,0.7582,0.5074,0.608,3685,geometrico,—,,,,,,,,,,
gliner_base-ft-genia__sinais,genia,T1,descriptive,span_size,absoluta,0.70,,0.0,sim,0.0,1.0,0.7582,0.5074,0.608,3685,geometrico,exato,,,,,,,,,,
gliner_base-ft-genia__sinais,genia,T1,descriptive,span_size,absoluta,0.80,,,não,inalcançável,,,,,0,geometrico,exato,,,,,,,,,,
gliner_base-ft-genia__sinais,genia,T1,descriptive,span_size,absoluta,0.90,,,não,inalcançável,,,,,0,geometrico,exato,,,,,,,,,,
gliner_base-ft-genia__sinais,genia,T1,descriptive,span_size,absoluta,0.95,,,não,inalcançável,,,,,0,geometrico,exato,,,,,,,,,,
gliner_base-ft-genia__sinais,genia,T1,descriptive,span_size,vao,0.25,0.8086,,não,inalcançável,,,,,0,geometrico,exato,,,,,,,,,,
gliner_base-ft-genia__sinais,genia,T1,descriptive,span_size,vao,0.50,0.8724,,não,inalcançável,,,,,0,geometrico,exato,,,,,,,,,,
gliner_base-ft-genia__sinais,genia,T1,descriptive,span_size,vao,0.75,0.9362,,não,inalcançável,,,,,0,geometrico,exato,,,,,,,,,,
gliner_base-ft-genia__sinais,genia,T1,descriptive,span_size,vao,0.90,0.9745,,não,inalcançável,,,,,0,geometrico,exato,,,,,,,,,,
gliner_base-ft-genia__sinais,genia,T1,descriptive,geometric_fraction,absoluta,0.70,,0.0,sim,0.0,1.0,0.7582,0.5074,0.608,3685,geometrico,exato,,,,,,,,,,
gliner_base-ft-genia__sinais,genia,T1,descriptive,geometric_fraction,absoluta,0.80,,0.1899,sim,0.9737,0.0263,0.8041,0.0142,0.0278,97,geometrico,exato,,,,,,,,,,
gliner_base-ft-genia__sinais,genia,T1,descriptive,geometric_fraction,absoluta,0.90,,1.0,sim,0.9997,0.0003,1.0,0.0002,0.0004,1,geometrico,exato,,,,,,,,,,
gliner_base-ft-genia__sinais,genia,T1,descriptive,geometric_fraction,absoluta,0.95,,1.0,sim,0.9997,0.0003,1.0,0.0002,0.0004,1,geometrico,exato,,,,,,,,,,
gliner_base-ft-genia__sinais,genia,T1,descriptive,geometric_fraction,vao,0.25,0.8086,0.2164,sim,0.9742,0.0258,0.8105,0.014,0.0275,95,geometrico,exato,,,,,,,,,,
gliner_base-ft-genia__sinais,genia,T1,descriptive,geometric_fraction,vao,0.50,0.8724,1.0,sim,0.9997,0.0003,1.0,0.0002,0.0004,1,geometrico,exato,,,,,,,,,,
gliner_base-ft-genia__sinais,genia,T1,descriptive,geometric_fraction,vao,0.75,0.9362,1.0,sim,0.9997,0.0003,1.0,0.0002,0.0004,1,geometrico,exato,,,,,,,,,,
gliner_base-ft-genia__sinais,genia,T1,descriptive,geometric_fraction,vao,0.90,0.9745,1.0,sim,0.9997,0.0003,1.0,0.0002,0.0004,1,geometrico,exato,,,,,,,,,,
gliner_base-ft-genia__sinais,genia,T1,descriptive,sentence_length,absoluta,0.70,,0.0,sim,0.0,1.0,0.7582,0.5074,0.608,3685,geometrico,exato,,,,,,,,,,
gliner_base-ft-genia__sinais,genia,T1,descriptive,sentence_length,absoluta,0.80,,,não,inalcançável,,,,,0,geometrico,exato,,,,,,,,,,
gliner_base-ft-genia__sinais,genia,T1,descriptive,sentence_length,absoluta,0.90,,,não,inalcançável,,,,,0,geometrico,exato,,,,,,,,,,
gliner_base-ft-genia__sinais,genia,T1,descriptive,sentence_length,absoluta,0.95,,,não,inalcançável,,,,,0,geometrico,exato,,,,,,,,,,
gliner_base-ft-genia__sinais,genia,T1,descriptive,sentence_length,vao,0.25,0.8086,,não,inalcançável,,,,,0,geometrico,exato,,,,,,,,,,
gliner_base-ft-genia__sinais,genia,T1,descriptive,sentence_length,vao,0.50,0.8724,,não,inalcançável,,,,,0,geometrico,exato,,,,,,,,,,
gliner_base-ft-genia__sinais,genia,T1,descriptive,sentence_length,vao,0.75,0.9362,,não,inalcançável,,,,,0,geometrico,exato,,,,,,,,,,
gliner_base-ft-genia__sinais,genia,T1,descriptive,sentence_length,vao,0.90,0.9745,,não,inalcançável,,,,,0,geometrico,exato,,,,,,,,,,
gliner_base-ft-genia__sinais,genia,T1,descriptive,row_entropy,absoluta,0.70,,0.0,sim,0.0,1.0,0.7582,0.5074,0.608,3685,atencao,exato,,,,,,,,,,
gliner_base-ft-genia__sinais,genia,T1,descriptive,row_entropy,absoluta,0.80,,1.0,sim,0.9997,0.0003,1.0,0.0002,0.0004,1,atencao,exato,,,,,,,,,,
gliner_base-ft-genia__sinais,genia,T1,descriptive,row_entropy,absoluta,0.90,,1.0,sim,0.9997,0.0003,1.0,0.0002,0.0004,1,atencao,exato,,,,,,,,,,
gliner_base-ft-genia__sinais,genia,T1,descriptive,row_entropy,absoluta,0.95,,1.0,sim,0.9997,0.0003,1.0,0.0002,0.0004,1,atencao,exato,,,,,,,,,,
gliner_base-ft-genia__sinais,genia,T1,descriptive,row_entropy,vao,0.25,0.8086,1.0,sim,0.9997,0.0003,1.0,0.0002,0.0004,1,atencao,exato,,,,,,,,,,
gliner_base-ft-genia__sinais,genia,T1,descriptive,row_entropy,vao,0.50,0.8724,1.0,sim,0.9997,0.0003,1.0,0.0002,0.0004,1,atencao,exato,,,,,,,,,,
gliner_base-ft-genia__sinais,genia,T1,descriptive,row_entropy,vao,0.75,0.9362,1.0,sim,0.9997,0.0003,1.0,0.0002,0.0004,1,atencao,exato,,,,,,,,,,
gliner_base-ft-genia__sinais,genia,T1,descriptive,row_entropy,vao,0.90,0.9745,1.0,sim,0.9997,0.0003,1.0,0.0002,0.0004,1,atencao,exato,,,,,,,,,,
gliner_base-ft-genia__sinais,genia,T1,descriptive,row_max,absoluta,0.70,,0.0,sim,0.0,1.0,0.7582,0.5074,0.608,3685,atencao,exato,,,,,,,,,,
gliner_base-ft-genia__sinais,genia,T1,descriptive,row_max,absoluta,0.80,,0.1792,sim,0.9645,0.0355,0.8015,0.0191,0.0373,131,atencao,exato,,,,,,,,,,
gliner_base-ft-genia__sinais,genia,T1,descriptive,row_max,absoluta,0.90,,,não,inalcançável,,,,,0,atencao,exato,,,,,,,,,,
gliner_base-ft-genia__sinais,genia,T1,descriptive,row_max,absoluta,0.95,,,não,inalcançável,,,,,0,atencao,exato,,,,,,,,,,
gliner_base-ft-genia__sinais,genia,T1,descriptive,row_max,vao,0.25,0.8086,0.3107,sim,0.9984,0.0016,0.8333,0.0009,0.0018,6,atencao,exato,,,,,,,,,,
gliner_base-ft-genia__sinais,genia,T1,descriptive,row_max,vao,0.50,0.8724,,não,inalcançável,,,,,0,atencao,exato,,,,,,,,,,
gliner_base-ft-genia__sinais,genia,T1,descriptive,row_max,vao,0.75,0.9362,,não,inalcançável,,,,,0,atencao,exato,,,,,,,,,,
gliner_base-ft-genia__sinais,genia,T1,descriptive,row_max,vao,0.90,0.9745,,não,inalcançável,,,,,0,atencao,exato,,,,,,,,,,
gliner_base-ft-genia__sinais,genia,T1,descriptive,emitted_mass,absoluta,0.70,,0.0,sim,0.0,1.0,0.7582,0.5074,0.608,3685,atencao,exato,,,,,,,,,,
gliner_base-ft-genia__sinais,genia,T1,descriptive,emitted_mass,absoluta,0.80,,0.1735,sim,0.6673,0.3327,0.8002,0.1782,0.2914,1226,atencao,exato,,,,,,,,,,
gliner_base-ft-genia__sinais,genia,T1,descriptive,emitted_mass,absoluta,0.90,,,não,inalcançável,,,,,0,atencao,exato,,,,,,,,,,
gliner_base-ft-genia__sinais,genia,T1,descriptive,emitted_mass,absoluta,0.95,,,não,inalcançável,,,,,0,atencao,exato,,,,,,,,,,
gliner_base-ft-genia__sinais,genia,T1,descriptive,emitted_mass,vao,0.25,0.8086,,não,inalcançável,,,,,0,atencao,exato,,,,,,,,,,
gliner_base-ft-genia__sinais,genia,T1,descriptive,emitted_mass,vao,0.50,0.8724,,não,inalcançável,,,,,0,atencao,exato,,,,,,,,,,
gliner_base-ft-genia__sinais,genia,T1,descriptive,emitted_mass,vao,0.75,0.9362,,não,inalcançável,,,,,0,atencao,exato,,,,,,,,,,
gliner_base-ft-genia__sinais,genia,T1,descriptive,emitted_mass,vao,0.90,0.9745,,não,inalcançável,,,,,0,atencao,exato,,,,,,,,,,
gliner_base-ft-genia__sinais,genia,T1,descriptive,hidden_norm,absoluta,0.70,,0.0,sim,0.0,1.0,0.7582,0.5074,0.608,3685,estados_ocultos,empirico,,,,,,,,,,
gliner_base-ft-genia__sinais,genia,T1,descriptive,hidden_norm,absoluta,0.80,,0.1743,sim,0.546,0.454,0.8004,0.2432,0.373,1673,estados_ocultos,empirico,,,,,,,,,,
gliner_base-ft-genia__sinais,genia,T1,descriptive,hidden_norm,absoluta,0.90,,,não,inalcançável,,,,,0,estados_ocultos,empirico,,,,,,,,,,
gliner_base-ft-genia__sinais,genia,T1,descriptive,hidden_norm,absoluta,0.95,,,não,inalcançável,,,,,0,estados_ocultos,empirico,,,,,,,,,,
gliner_base-ft-genia__sinais,genia,T1,descriptive,hidden_norm,vao,0.25,0.8086,0.209,sim,0.6339,0.3661,0.8087,0.1981,0.3183,1349,estados_ocultos,empirico,,,,,,,,,,
gliner_base-ft-genia__sinais,genia,T1,descriptive,hidden_norm,vao,0.50,0.8724,,não,inalcançável,,,,,0,estados_ocultos,empirico,,,,,,,,,,
gliner_base-ft-genia__sinais,genia,T1,descriptive,hidden_norm,vao,0.75,0.9362,,não,inalcançável,,,,,0,estados_ocultos,empirico,,,,,,,,,,
gliner_base-ft-genia__sinais,genia,T1,descriptive,hidden_norm,vao,0.90,0.9745,,não,inalcançável,,,,,0,estados_ocultos,empirico,,,,,,,,,,
gliner_base-ft-genia__sinais,genia,T1,descriptive,hidden_dist_centroide,absoluta,0.70,,0.0,sim,0.0,1.0,0.7582,0.5074,0.608,3685,estados_ocultos,empirico,,,,,,,,,,
gliner_base-ft-genia__sinais,genia,T1,descriptive,hidden_dist_centroide,absoluta,0.80,,0.18,sim,0.9685,0.0315,0.8017,0.0169,0.0331,116,estados_ocultos,empirico,,,,,,,,,,
gliner_base-ft-genia__sinais,genia,T1,descriptive,hidden_dist_centroide,absoluta,0.90,,0.6819,sim,0.9965,0.0035,0.9231,0.0022,0.0043,13,estados_ocultos,empirico,,,,,,,,,,
gliner_base-ft-genia__sinais,genia,T1,descriptive,hidden_dist_centroide,absoluta,0.95,,1.0,sim,0.9989,0.0011,1.0,0.0007,0.0015,4,estados_ocultos,empirico,,,,,,,,,,
gliner_base-ft-genia__sinais,genia,T1,descriptive,hidden_dist_centroide,vao,0.25,0.8086,0.2122,sim,0.9772,0.0228,0.8095,0.0124,0.0243,84,estados_ocultos,empirico,,,,,,,,,,
gliner_base-ft-genia__sinais,genia,T1,descriptive,hidden_dist_centroide,vao,0.50,0.8724,0.6819,sim,0.9965,0.0035,0.9231,0.0022,0.0043,13,estados_ocultos,empirico,,,,,,,,,,
gliner_base-ft-genia__sinais,genia,T1,descriptive,hidden_dist_centroide,vao,0.75,0.9362,1.0,sim,0.9989,0.0011,1.0,0.0007,0.0015,4,estados_ocultos,empirico,,,,,,,,,,
gliner_base-ft-genia__sinais,genia,T1,descriptive,hidden_dist_centroide,vao,0.90,0.9745,1.0,sim,0.9989,0.0011,1.0,0.0007,0.0015,4,estados_ocultos,empirico,,,,,,,,,,
gliner_base-ft-genia__sinais,genia,T1,descriptive,hidden_delta_camadas,absoluta,0.70,,0.0,sim,0.0,1.0,0.7582,0.5074,0.608,3685,estados_ocultos,empirico,,,,,,,,,,
gliner_base-ft-genia__sinais,genia,T1,descriptive,hidden_delta_camadas,absoluta,0.80,,0.1736,sim,0.4119,0.5881,0.8002,0.3149,0.452,2167,estados_ocultos,empirico,,,,,,,,,,
gliner_base-ft-genia__sinais,genia,T1,descriptive,hidden_delta_camadas,absoluta,0.90,,0.5932,sim,0.9669,0.0331,0.9016,0.02,0.0391,122,estados_ocultos,empirico,,,,,,,,,,
gliner_base-ft-genia__sinais,genia,T1,descriptive,hidden_delta_camadas,absoluta,0.95,,1.0,sim,0.9986,0.0014,1.0,0.0009,0.0018,5,estados_ocultos,empirico,,,,,,,,,,
gliner_base-ft-genia__sinais,genia,T1,descriptive,hidden_delta_camadas,vao,0.25,0.8086,0.2091,sim,0.5487,0.4513,0.8088,0.2443,0.3752,1663,estados_ocultos,empirico,,,,,,,,,,
gliner_base-ft-genia__sinais,genia,T1,descriptive,hidden_delta_camadas,vao,0.50,0.8724,0.4727,sim,0.9319,0.0681,0.8725,0.0398,0.0761,251,estados_ocultos,empirico,,,,,,,,,,
gliner_base-ft-genia__sinais,genia,T1,descriptive,hidden_delta_camadas,vao,0.75,0.9362,1.0,sim,0.9986,0.0014,1.0,0.0009,0.0018,5,estados_ocultos,empirico,,,,,,,,,,
gliner_base-ft-genia__sinais,genia,T1,descriptive,hidden_delta_camadas,vao,0.90,0.9745,1.0,sim,0.9986,0.0014,1.0,0.0009,0.0018,5,estados_ocultos,empirico,,,,,,,,,,
gliner_base-ft-genia__sinais,genia,T1,descriptive,logit_margin,absoluta,0.70,,0.0,sim,0.0,1.0,0.7582,0.5074,0.608,3685,logits,empirico,,,,,,,,,,
gliner_base-ft-genia__sinais,genia,T1,descriptive,logit_margin,absoluta,0.80,,0.1731,sim,0.1001,0.8999,0.8001,0.4818,0.6015,3316,logits,empirico,,,,,,,,,,
gliner_base-ft-genia__sinais,genia,T1,descriptive,logit_margin,absoluta,0.90,,0.5872,sim,0.4372,0.5628,0.9002,0.3391,0.4926,2074,logits,empirico,,,,,,,,,,
gliner_base-ft-genia__sinais,genia,T1,descriptive,logit_margin,absoluta,0.95,,0.801,sim,0.8703,0.1297,0.9519,0.0826,0.1521,478,logits,empirico,,,,,,,,,,
gliner_base-ft-genia__sinais,genia,T1,descriptive,logit_margin,vao,0.25,0.8086,0.2086,sim,0.1208,0.8792,0.8086,0.4758,0.5991,3240,logits,empirico,,,,,,,,,,
gliner_base-ft-genia__sinais,genia,T1,descriptive,logit_margin,vao,0.50,0.8724,0.4733,sim,0.333,0.667,0.8727,0.3896,0.5387,2458,logits,empirico,,,,,,,,,,
gliner_base-ft-genia__sinais,genia,T1,descriptive,logit_margin,vao,0.75,0.9362,0.7366,sim,0.7571,0.2429,0.9363,0.1522,0.2618,895,logits,empirico,,,,,,,,,,
gliner_base-ft-genia__sinais,genia,T1,descriptive,logit_margin,vao,0.90,0.9745,0.8966,sim,0.9783,0.0217,0.975,0.0142,0.0279,80,logits,empirico,,,,,,,,,,
gliner_base-ft-genia__sinais,genia,T1,descriptive,logit_entropy,absoluta,0.70,,0.0,sim,0.0,1.0,0.7582,0.5074,0.608,3685,logits,empirico,,,,,,,,,,
gliner_base-ft-genia__sinais,genia,T1,descriptive,logit_entropy,absoluta,0.80,,0.1728,sim,0.2008,0.7992,0.8,0.4279,0.5576,2945,logits,empirico,,,,,,,,,,
gliner_base-ft-genia__sinais,genia,T1,descriptive,logit_entropy,absoluta,0.90,,,não,inalcançável,,,,,0,logits,empirico,,,,,,,,,,
gliner_base-ft-genia__sinais,genia,T1,descriptive,logit_entropy,absoluta,0.95,,,não,inalcançável,,,,,0,logits,empirico,,,,,,,,,,
gliner_base-ft-genia__sinais,genia,T1,descriptive,logit_entropy,vao,0.25,0.8086,0.2085,sim,0.2697,0.7303,0.8086,0.3952,0.5309,2691,logits,empirico,,,,,,,,,,
gliner_base-ft-genia__sinais,genia,T1,descriptive,logit_entropy,vao,0.50,0.8724,,não,inalcançável,,,,,0,logits,empirico,,,,,,,,,,
gliner_base-ft-genia__sinais,genia,T1,descriptive,logit_entropy,vao,0.75,0.9362,,não,inalcançável,,,,,0,logits,empirico,,,,,,,,,,
gliner_base-ft-genia__sinais,genia,T1,descriptive,logit_entropy,vao,0.90,0.9745,,não,inalcançável,,,,,0,logits,empirico,,,,,,,,,,
gliner_base-ft-genia__sinais,genia,T1,descriptive,logit_max,absoluta,0.70,,0.0,sim,0.0,1.0,0.7582,0.5074,0.608,3685,logits,empirico,,,,,,,,,,
gliner_base-ft-genia__sinais,genia,T1,descriptive,logit_max,absoluta,0.80,,0.1728,sim,0.095,0.905,0.8,0.4846,0.6036,3335,logits,empirico,,,,,,,,,,
gliner_base-ft-genia__sinais,genia,T1,descriptive,logit_max,absoluta,0.90,,0.5877,sim,0.4583,0.5417,0.9003,0.3264,0.4791,1996,logits,empirico,,,,,,,,,,
gliner_base-ft-genia__sinais,genia,T1,descriptive,logit_max,absoluta,0.95,,0.7972,sim,0.9004,0.0996,0.951,0.0634,0.1188,367,logits,empirico,,,,,,,,,,
gliner_base-ft-genia__sinais,genia,T1,descriptive,logit_max,vao,0.25,0.8086,0.2094,sim,0.117,0.883,0.8089,0.478,0.6009,3254,logits,empirico,,,,,,,,,,
gliner_base-ft-genia__sinais,genia,T1,descriptive,logit_max,vao,0.50,0.8724,0.4724,sim,0.3427,0.6573,0.8724,0.3838,0.533,2422,logits,empirico,,,,,,,,,,
gliner_base-ft-genia__sinais,genia,T1,descriptive,logit_max,vao,0.75,0.9362,0.738,sim,0.7772,0.2228,0.9367,0.1397,0.2431,821,logits,empirico,,,,,,,,,,
gliner_base-ft-genia__sinais,genia,T1,descriptive,logit_max,vao,0.90,0.9745,0.9091,sim,0.9753,0.0247,0.978,0.0162,0.0318,91,logits,empirico,,,,,,,,,,
gliner_base-ft-genia__sinais,genia,T1,descriptive,span_mass,absoluta,0.70,,0.0,sim,0.0,1.0,0.7582,0.5074,0.608,3685,atencao,exato,,,,,,,,,,
gliner_base-ft-genia__sinais,genia,T1,descriptive,span_mass,absoluta,0.80,,0.1765,sim,0.9387,0.0613,0.8009,0.0329,0.0632,226,atencao,exato,,,,,,,,,,
gliner_base-ft-genia__sinais,genia,T1,descriptive,span_mass,absoluta,0.90,,1.0,sim,0.9997,0.0003,1.0,0.0002,0.0004,1,atencao,exato,,,,,,,,,,
gliner_base-ft-genia__sinais,genia,T1,descriptive,span_mass,absoluta,0.95,,1.0,sim,0.9997,0.0003,1.0,0.0002,0.0004,1,atencao,exato,,,,,,,,,,
gliner_base-ft-genia__sinais,genia,T1,descriptive,span_mass,vao,0.25,0.8086,0.2259,sim,0.9493,0.0507,0.8128,0.0276,0.0534,187,atencao,exato,,,,,,,,,,
gliner_base-ft-genia__sinais,genia,T1,descriptive,span_mass,vao,0.50,0.8724,1.0,sim,0.9997,0.0003,1.0,0.0002,0.0004,1,atencao,exato,,,,,,,,,,
gliner_base-ft-genia__sinais,genia,T1,descriptive,span_mass,vao,0.75,0.9362,1.0,sim,0.9997,0.0003,1.0,0.0002,0.0004,1,atencao,exato,,,,,,,,,,
gliner_base-ft-genia__sinais,genia,T1,descriptive,span_mass,vao,0.90,0.9745,1.0,sim,0.9997,0.0003,1.0,0.0002,0.0004,1,atencao,exato,,,,,,,,,,
gliner_base-ft-genia__sinais,genia,T1,descriptive,model_confidence,absoluta,0.70,,0.0,sim,0.0,1.0,0.7582,0.5074,0.608,3685,geometrico,—,,,,,,,,,,
gliner_base-ft-genia__sinais,genia,T1,descriptive,model_confidence,absoluta,0.80,,0.1728,sim,0.095,0.905,0.8,0.4846,0.6036,3335,geometrico,—,,,,,,,,,,
gliner_base-ft-genia__sinais,genia,T1,descriptive,model_confidence,absoluta,0.90,,0.5877,sim,0.4583,0.5417,0.9003,0.3264,0.4791,1996,geometrico,—,,,,,,,,,,
gliner_base-ft-genia__sinais,genia,T1,descriptive,model_confidence,absoluta,0.95,,0.7972,sim,0.9004,0.0996,0.951,0.0634,0.1188,367,geometrico,—,,,,,,,,,,
gliner_base-ft-genia__sinais,genia,T1,descriptive,model_confidence,vao,0.25,0.8086,0.2094,sim,0.117,0.883,0.8089,0.478,0.6009,3254,geometrico,—,,,,,,,,,,
gliner_base-ft-genia__sinais,genia,T1,descriptive,model_confidence,vao,0.50,0.8724,0.4724,sim,0.3427,0.6573,0.8724,0.3838,0.533,2422,geometrico,—,,,,,,,,,,
gliner_base-ft-genia__sinais,genia,T1,descriptive,model_confidence,vao,0.75,0.9362,0.738,sim,0.7772,0.2228,0.9367,0.1397,0.2431,821,geometrico,—,,,,,,,,,,
gliner_base-ft-genia__sinais,genia,T1,descriptive,model_confidence,vao,0.90,0.9745,0.9091,sim,0.9753,0.0247,0.978,0.0162,0.0318,91,geometrico,—,,,,,,,,,,
gliner_base-ft-genia__sinais,genia,T2,task_verdict,span_mass,absoluta,0.70,,,sim,0.0,,,,,,atencao,exato,model_confidence,0.0,0.0,0.0,0.0,3685,1190,2000,0,NÃO DISTINGUE (IC contém zero)
gliner_base-ft-genia__sinais,genia,T2,task_verdict,span_mass,absoluta,0.80,,,sim,0.9387,,,,,,atencao,exato,model_confidence,0.095,0.8437,0.5631,0.9098,3685,1190,1936,64,span_mass EXIGE MAIS revisão
gliner_base-ft-genia__sinais,genia,T2,task_verdict,span_mass,absoluta,0.90,,,sim,0.9997,,,,,,atencao,exato,model_confidence,0.4583,0.5414,0.4647,0.6149,3685,1190,1402,598,span_mass EXIGE MAIS revisão
gliner_base-ft-genia__sinais,genia,T2,task_verdict,span_mass,absoluta,0.95,,,sim,0.9997,,,,,,atencao,exato,model_confidence,0.9004,0.0993,0.0211,0.253,3685,1190,1343,657,span_mass EXIGE MAIS revisão
gliner_base-ft-genia__sinais,genia,T2,task_verdict,span_mass,vao,0.25,0.8086,,sim,0.9493,,,,,,atencao,exato,model_confidence,0.117,0.8323,0.611,0.8962,3685,1190,1896,104,span_mass EXIGE MAIS revisão
gliner_base-ft-genia__sinais,genia,T2,task_verdict,span_mass,vao,0.50,0.8724,,sim,0.9997,,,,,,atencao,exato,model_confidence,0.3427,0.657,0.5936,0.715,3685,1190,1503,497,span_mass EXIGE MAIS revisão
gliner_base-ft-genia__sinais,genia,T2,task_verdict,span_mass,vao,0.75,0.9362,,sim,0.9997,,,,,,atencao,exato,model_confidence,0.7772,0.2225,0.0772,0.4016,3685,1190,1355,645,span_mass EXIGE MAIS revisão
gliner_base-ft-genia__sinais,genia,T2,task_verdict,span_mass,vao,0.90,0.9745,,sim,0.9997,,,,,,atencao,exato,model_confidence,0.9753,0.0244,0.0095,0.0936,3685,1190,1340,660,span_mass EXIGE MAIS revisão
gliner_base-ft-genia__sinais,genia,T3,task_verdict,enrichment,absoluta,0.70,,,sim,0.0,,,,,,geometrico,—,model_confidence,0.0,0.0,0.0,0.0,3685,1190,2000,0,NÃO DISTINGUE (IC contém zero)
gliner_base-ft-genia__sinais,genia,T3,task_verdict,enrichment,absoluta,0.80,,,sim,0.9756,,,,,,geometrico,—,model_confidence,0.095,0.8806,0.8117,0.9248,3685,1190,1999,1,enrichment EXIGE MAIS revisão
gliner_base-ft-genia__sinais,genia,T3,task_verdict,enrichment,absoluta,0.90,,,sim,0.997,,,,,,geometrico,—,model_confidence,0.4583,0.5387,0.4641,0.6116,3685,1190,1999,1,enrichment EXIGE MAIS revisão
gliner_base-ft-genia__sinais,genia,T3,task_verdict,enrichment,absoluta,0.95,,,sim,0.9981,,,,,,geometrico,—,model_confidence,0.9004,0.0977,0.0191,0.2505,3685,1190,1999,1,enrichment EXIGE MAIS revisão
gliner_base-ft-genia__sinais,genia,T3,task_verdict,enrichment,vao,0.25,0.8086,,sim,0.9967,,,,,,geometrico,—,model_confidence,0.117,0.8798,0.7935,0.9081,3685,1190,1999,1,enrichment EXIGE MAIS revisão
gliner_base-ft-genia__sinais,genia,T3,task_verdict,enrichment,vao,0.50,0.8724,,sim,0.997,,,,,,geometrico,—,model_confidence,0.3427,0.6543,0.5946,0.7154,3685,1190,1999,1,enrichment EXIGE MAIS revisão
gliner_base-ft-genia__sinais,genia,T3,task_verdict,enrichment,vao,0.75,0.9362,,sim,0.9981,,,,,,geometrico,—,model_confidence,0.7772,0.2209,0.064,0.399,3685,1190,1999,1,enrichment EXIGE MAIS revisão
gliner_base-ft-genia__sinais,genia,T3,task_verdict,enrichment,vao,0.90,0.9745,,sim,0.9981,,,,,,geometrico,—,model_confidence,0.9753,0.0228,0.0077,0.0926,3685,1190,1999,1,enrichment EXIGE MAIS revisão
gliner_base-ft-genia__sinais,genia,T4,task_verdict,model_confidence+enrichment,absoluta,0.70,,,sim,0.0,,,,,,geometrico,—,model_confidence,0.0,0.0,0.0,0.0,3685,1190,2000,0,NÃO DISTINGUE (IC contém zero)
gliner_base-ft-genia__sinais,genia,T4,task_verdict,model_confidence+enrichment,absoluta,0.80,,,sim,0.0944,,,,,,geometrico,—,model_confidence,0.095,-0.0005,-0.003,0.0035,3685,1190,2000,0,NÃO DISTINGUE (IC contém zero)
gliner_base-ft-genia__sinais,genia,T4,task_verdict,model_confidence+enrichment,absoluta,0.90,,,sim,0.4594,,,,,,geometrico,—,model_confidence,0.4583,0.0011,-0.0278,0.0143,3685,1190,2000,0,NÃO DISTINGUE (IC contém zero)
gliner_base-ft-genia__sinais,genia,T4,task_verdict,model_confidence+enrichment,absoluta,0.95,,,sim,0.9696,,,,,,geometrico,—,model_confidence,0.9004,0.0692,-0.0981,0.11,3685,1190,2000,0,NÃO DISTINGUE (IC contém zero)
gliner_base-ft-genia__sinais,genia,T4,task_verdict,model_confidence+enrichment,vao,0.25,0.8086,,sim,0.1175,,,,,,geometrico,—,model_confidence,0.117,0.0005,-0.0043,0.0043,3685,1190,2000,0,NÃO DISTINGUE (IC contém zero)
gliner_base-ft-genia__sinais,genia,T4,task_verdict,model_confidence+enrichment,vao,0.50,0.8724,,sim,0.3384,,,,,,geometrico,—,model_confidence,0.3427,-0.0043,-0.0115,0.0068,3685,1190,2000,0,NÃO DISTINGUE (IC contém zero)
gliner_base-ft-genia__sinais,genia,T4,task_verdict,model_confidence+enrichment,vao,0.75,0.9362,,sim,0.7815,,,,,,geometrico,—,model_confidence,0.7772,0.0043,-0.0925,0.0893,3685,1190,2000,0,NÃO DISTINGUE (IC contém zero)
gliner_base-ft-genia__sinais,genia,T4,task_verdict,model_confidence+enrichment,vao,0.90,0.9745,,sim,0.9864,,,,,,geometrico,—,model_confidence,0.9753,0.0111,-0.0164,0.0709,3685,1190,2000,0,NÃO DISTINGUE (IC contém zero)
gliner_base-ft-genia__sinais,genia,S1,task_verdict,row_entropy,absoluta,0.70,,,sim,0.0,,,,,,atencao,exato,model_confidence,0.0,0.0,0.0,0.0,3685,1190,2000,0,NÃO DISTINGUE (IC contém zero)
gliner_base-ft-genia__sinais,genia,S1,task_verdict,row_entropy,absoluta,0.80,,,sim,0.9997,,,,,,atencao,exato,model_confidence,0.095,0.9047,0.5117,0.9339,3685,1190,1645,355,row_entropy EXIGE MAIS revisão
gliner_base-ft-genia__sinais,genia,S1,task_verdict,row_entropy,absoluta,0.90,,,sim,0.9997,,,,,,atencao,exato,model_confidence,0.4583,0.5414,0.4646,0.6142,3685,1190,1502,498,row_entropy EXIGE MAIS revisão
gliner_base-ft-genia__sinais,genia,S1,task_verdict,row_entropy,absoluta,0.95,,,sim,0.9997,,,,,,atencao,exato,model_confidence,0.9004,0.0993,0.0208,0.251,3685,1190,1474,526,row_entropy EXIGE MAIS revisão
gliner_base-ft-genia__sinais,genia,S1,task_verdict,row_entropy,vao,0.25,0.8086,,sim,0.9997,,,,,,atencao,exato,model_confidence,0.117,0.8828,0.7419,0.9177,3685,1190,1599,401,row_entropy EXIGE MAIS revisão
gliner_base-ft-genia__sinais,genia,S1,task_verdict,row_entropy,vao,0.50,0.8724,,sim,0.9997,,,,,,atencao,exato,model_confidence,0.3427,0.657,0.5998,0.7186,3685,1190,1518,482,row_entropy EXIGE MAIS revisão
gliner_base-ft-genia__sinais,genia,S1,task_verdict,row_entropy,vao,0.75,0.9362,,sim,0.9997,,,,,,atencao,exato,model_confidence,0.7772,0.2225,0.0679,0.4009,3685,1190,1475,525,row_entropy EXIGE MAIS revisão
gliner_base-ft-genia__sinais,genia,S1,task_verdict,row_entropy,vao,0.90,0.9745,,sim,0.9997,,,,,,atencao,exato,model_confidence,0.9753,0.0244,0.0094,0.094,3685,1190,1474,526,row_entropy EXIGE MAIS revisão
gliner_base-ft-genia__sinais,genia,S2,task_verdict,row_max,absoluta,0.70,,,sim,0.0,,,,,,atencao,exato,model_confidence,0.0,0.0,0.0,0.0,3685,1190,2000,0,NÃO DISTINGUE (IC contém zero)
gliner_base-ft-genia__sinais,genia,S2,task_verdict,row_max,absoluta,0.80,,,sim,0.9645,,,,,,atencao,exato,model_confidence,0.095,0.8695,0.562,0.9183,3685,1190,1636,364,row_max EXIGE MAIS revisão
gliner_base-ft-genia__sinais,genia,S2,task_verdict,row_max,absoluta,0.90,,,não,inalcançável,,,,,,atencao,exato,model_confidence,0.4583,,,,3685,1190,0,0,inalcançável para row_max
gliner_base-ft-genia__sinais,genia,S2,task_verdict,row_max,absoluta,0.95,,,não,inalcançável,,,,,,atencao,exato,model_confidence,0.9004,,,,3685,1190,0,0,inalcançável para row_max
gliner_base-ft-genia__sinais,genia,S2,task_verdict,row_max,vao,0.25,0.8086,,sim,0.9984,,,,,,atencao,exato,model_confidence,0.117,0.8814,0.6028,0.9054,3685,1190,1489,511,row_max EXIGE MAIS revisão
gliner_base-ft-genia__sinais,genia,S2,task_verdict,row_max,vao,0.50,0.8724,,não,inalcançável,,,,,,atencao,exato,model_confidence,0.3427,,,,3685,1190,0,0,inalcançável para row_max
gliner_base-ft-genia__sinais,genia,S2,task_verdict,row_max,vao,0.75,0.9362,,não,inalcançável,,,,,,atencao,exato,model_confidence,0.7772,,,,3685,1190,0,0,inalcançável para row_max
gliner_base-ft-genia__sinais,genia,S2,task_verdict,row_max,vao,0.90,0.9745,,não,inalcançável,,,,,,atencao,exato,model_confidence,0.9753,,,,3685,1190,0,0,inalcançável para row_max
gliner_base-ft-genia__sinais,genia,S3,task_verdict,emitted_mass,absoluta,0.70,,,sim,0.0,,,,,,atencao,exato,model_confidence,0.0,0.0,0.0,0.0,3685,1190,2000,0,NÃO DISTINGUE (IC contém zero)
gliner_base-ft-genia__sinais,genia,S3,task_verdict,emitted_mass,absoluta,0.80,,,sim,0.6673,,,,,,atencao,exato,model_confidence,0.095,0.5723,0.0911,0.8968,3685,1190,1772,228,emitted_mass EXIGE MAIS revisão
gliner_base-ft-genia__sinais,genia,S3,task_verdict,emitted_mass,absoluta,0.90,,,não,inalcançável,,,,,,atencao,exato,model_confidence,0.4583,,,,3685,1190,0,0,inalcançável para emitted_mass
gliner_base-ft-genia__sinais,genia,S3,task_verdict,emitted_mass,absoluta,0.95,,,não,inalcançável,,,,,,atencao,exato,model_confidence,0.9004,,,,3685,1190,0,0,inalcançável para emitted_mass
gliner_base-ft-genia__sinais,genia,S3,task_verdict,emitted_mass,vao,0.25,0.8086,,não,inalcançável,,,,,,atencao,exato,model_confidence,0.117,,,,3685,1190,0,0,inalcançável para emitted_mass
gliner_base-ft-genia__sinais,genia,S3,task_verdict,emitted_mass,vao,0.50,0.8724,,não,inalcançável,,,,,,atencao,exato,model_confidence,0.3427,,,,3685,1190,0,0,inalcançável para emitted_mass
gliner_base-ft-genia__sinais,genia,S3,task_verdict,emitted_mass,vao,0.75,0.9362,,não,inalcançável,,,,,,atencao,exato,model_confidence,0.7772,,,,3685,1190,0,0,inalcançável para emitted_mass
gliner_base-ft-genia__sinais,genia,S3,task_verdict,emitted_mass,vao,0.90,0.9745,,não,inalcançável,,,,,,atencao,exato,model_confidence,0.9753,,,,3685,1190,0,0,inalcançável para emitted_mass
gliner_base-ft-genia__sinais,genia,S4,task_verdict,hidden_norm,absoluta,0.70,,,sim,0.0,,,,,,estados_ocultos,empirico,model_confidence,0.0,0.0,0.0,0.0,3685,1190,2000,0,NÃO DISTINGUE (IC contém zero)
gliner_base-ft-genia__sinais,genia,S4,task_verdict,hidden_norm,absoluta,0.80,,,sim,0.546,,,,,,estados_ocultos,empirico,model_confidence,0.095,0.451,0.1243,0.7485,3685,1190,1995,5,hidden_norm EXIGE MAIS revisão
gliner_base-ft-genia__sinais,genia,S4,task_verdict,hidden_norm,absoluta,0.90,,,não,inalcançável,,,,,,estados_ocultos,empirico,model_confidence,0.4583,,,,3685,1190,0,0,inalcançável para hidden_norm
gliner_base-ft-genia__sinais,genia,S4,task_verdict,hidden_norm,absoluta,0.95,,,não,inalcançável,,,,,,estados_ocultos,empirico,model_confidence,0.9004,,,,3685,1190,0,0,inalcançável para hidden_norm
gliner_base-ft-genia__sinais,genia,S4,task_verdict,hidden_norm,vao,0.25,0.8086,,sim,0.6339,,,,,,estados_ocultos,empirico,model_confidence,0.117,0.517,0.2418,0.7998,3685,1190,1970,30,hidden_norm EXIGE MAIS revisão
gliner_base-ft-genia__sinais,genia,S4,task_verdict,hidden_norm,vao,0.50,0.8724,,não,inalcançável,,,,,,estados_ocultos,empirico,model_confidence,0.3427,,,,3685,1190,0,0,inalcançável para hidden_norm
gliner_base-ft-genia__sinais,genia,S4,task_verdict,hidden_norm,vao,0.75,0.9362,,não,inalcançável,,,,,,estados_ocultos,empirico,model_confidence,0.7772,,,,3685,1190,0,0,inalcançável para hidden_norm
gliner_base-ft-genia__sinais,genia,S4,task_verdict,hidden_norm,vao,0.90,0.9745,,não,inalcançável,,,,,,estados_ocultos,empirico,model_confidence,0.9753,,,,3685,1190,0,0,inalcançável para hidden_norm
gliner_base-ft-genia__sinais,genia,S5,task_verdict,hidden_dist_centroide,absoluta,0.70,,,sim,0.0,,,,,,estados_ocultos,empirico,model_confidence,0.0,0.0,0.0,0.0,3685,1190,2000,0,NÃO DISTINGUE (IC contém zero)
gliner_base-ft-genia__sinais,genia,S5,task_verdict,hidden_dist_centroide,absoluta,0.80,,,sim,0.9685,,,,,,estados_ocultos,empirico,model_confidence,0.095,0.8735,0.1437,0.9123,3685,1190,1997,3,hidden_dist_centroide EXIGE MAIS revisão
gliner_base-ft-genia__sinais,genia,S5,task_verdict,hidden_dist_centroide,absoluta,0.90,,,sim,0.9965,,,,,,estados_ocultos,empirico,model_confidence,0.4583,0.5381,0.4619,0.61,3685,1190,1983,17,hidden_dist_centroide EXIGE MAIS revisão
gliner_base-ft-genia__sinais,genia,S5,task_verdict,hidden_dist_centroide,absoluta,0.95,,,sim,0.9989,,,,,,estados_ocultos,empirico,model_confidence,0.9004,0.0985,0.0199,0.25,3685,1190,1976,24,hidden_dist_centroide EXIGE MAIS revisão
gliner_base-ft-genia__sinais,genia,S5,task_verdict,hidden_dist_centroide,vao,0.25,0.8086,,sim,0.9772,,,,,,estados_ocultos,empirico,model_confidence,0.117,0.8602,0.7351,0.9003,3685,1190,1994,6,hidden_dist_centroide EXIGE MAIS revisão
gliner_base-ft-genia__sinais,genia,S5,task_verdict,hidden_dist_centroide,vao,0.50,0.8724,,sim,0.9965,,,,,,estados_ocultos,empirico,model_confidence,0.3427,0.6537,0.5928,0.713,3685,1190,1987,13,hidden_dist_centroide EXIGE MAIS revisão
gliner_base-ft-genia__sinais,genia,S5,task_verdict,hidden_dist_centroide,vao,0.75,0.9362,,sim,0.9989,,,,,,estados_ocultos,empirico,model_confidence,0.7772,0.2217,0.0643,0.3989,3685,1190,1976,24,hidden_dist_centroide EXIGE MAIS revisão
gliner_base-ft-genia__sinais,genia,S5,task_verdict,hidden_dist_centroide,vao,0.90,0.9745,,sim,0.9989,,,,,,estados_ocultos,empirico,model_confidence,0.9753,0.0236,0.0076,0.093,3685,1190,1976,24,hidden_dist_centroide EXIGE MAIS revisão
gliner_base-ft-genia__sinais,genia,S6,task_verdict,hidden_delta_camadas,absoluta,0.70,,,sim,0.0,,,,,,estados_ocultos,empirico,model_confidence,0.0,0.0,0.0,0.0,3685,1190,2000,0,NÃO DISTINGUE (IC contém zero)
gliner_base-ft-genia__sinais,genia,S6,task_verdict,hidden_delta_camadas,absoluta,0.80,,,sim,0.4119,,,,,,estados_ocultos,empirico,model_confidence,0.095,0.317,0.1074,0.6171,3685,1190,2000,0,hidden_delta_camadas EXIGE MAIS revisão
gliner_base-ft-genia__sinais,genia,S6,task_verdict,hidden_delta_camadas,absoluta,0.90,,,sim,0.9669,,,,,,estados_ocultos,empirico,model_confidence,0.4583,0.5085,0.4127,0.5853,3685,1190,1998,2,hidden_delta_camadas EXIGE MAIS revisão
gliner_base-ft-genia__sinais,genia,S6,task_verdict,hidden_delta_camadas,absoluta,0.95,,,sim,0.9986,,,,,,estados_ocultos,empirico,model_confidence,0.9004,0.0982,0.0119,0.2474,3685,1190,1995,5,hidden_delta_camadas EXIGE MAIS revisão
gliner_base-ft-genia__sinais,genia,S6,task_verdict,hidden_delta_camadas,vao,0.25,0.8086,,sim,0.5487,,,,,,estados_ocultos,empirico,model_confidence,0.117,0.4318,0.204,0.7091,3685,1190,2000,0,hidden_delta_camadas EXIGE MAIS revisão
gliner_base-ft-genia__sinais,genia,S6,task_verdict,hidden_delta_camadas,vao,0.50,0.8724,,sim,0.9319,,,,,,estados_ocultos,empirico,model_confidence,0.3427,0.5891,0.5072,0.6608,3685,1190,2000,0,hidden_delta_camadas EXIGE MAIS revisão
gliner_base-ft-genia__sinais,genia,S6,task_verdict,hidden_delta_camadas,vao,0.75,0.9362,,sim,0.9986,,,,,,estados_ocultos,empirico,model_confidence,0.7772,0.2214,0.0594,0.3799,3685,1190,1995,5,hidden_delta_camadas EXIGE MAIS revisão
gliner_base-ft-genia__sinais,genia,S6,task_verdict,hidden_delta_camadas,vao,0.90,0.9745,,sim,0.9986,,,,,,estados_ocultos,empirico,model_confidence,0.9753,0.0233,0.006,0.0917,3685,1190,1991,9,hidden_delta_camadas EXIGE MAIS revisão
gliner_base-ft-genia__sinais,genia,S7,task_verdict,logit_margin,absoluta,0.70,,,sim,0.0,,,,,,logits,empirico,model_confidence,0.0,0.0,0.0,0.0,3685,1190,2000,0,NÃO DISTINGUE (IC contém zero)
gliner_base-ft-genia__sinais,genia,S7,task_verdict,logit_margin,absoluta,0.80,,,sim,0.1001,,,,,,logits,empirico,model_confidence,0.095,0.0052,-0.0059,0.0131,3685,1190,2000,0,NÃO DISTINGUE (IC contém zero)
gliner_base-ft-genia__sinais,genia,S7,task_verdict,logit_margin,absoluta,0.90,,,sim,0.4372,,,,,,logits,empirico,model_confidence,0.4583,-0.0212,-0.0505,0.0127,3685,1190,2000,0,NÃO DISTINGUE (IC contém zero)
gliner_base-ft-genia__sinais,genia,S7,task_verdict,logit_margin,absoluta,0.95,,,sim,0.8703,,,,,,logits,empirico,model_confidence,0.9004,-0.0301,-0.0905,0.0458,3685,1190,2000,0,NÃO DISTINGUE (IC contém zero)
gliner_base-ft-genia__sinais,genia,S7,task_verdict,logit_margin,vao,0.25,0.8086,,sim,0.1208,,,,,,logits,empirico,model_confidence,0.117,0.0038,-0.0073,0.0139,3685,1190,2000,0,NÃO DISTINGUE (IC contém zero)
gliner_base-ft-genia__sinais,genia,S7,task_verdict,logit_margin,vao,0.50,0.8724,,sim,0.333,,,,,,logits,empirico,model_confidence,0.3427,-0.0098,-0.0274,0.0132,3685,1190,2000,0,NÃO DISTINGUE (IC contém zero)
gliner_base-ft-genia__sinais,genia,S7,task_verdict,logit_margin,vao,0.75,0.9362,,sim,0.7571,,,,,,logits,empirico,model_confidence,0.7772,-0.0201,-0.1225,0.0416,3685,1190,2000,0,NÃO DISTINGUE (IC contém zero)
gliner_base-ft-genia__sinais,genia,S7,task_verdict,logit_margin,vao,0.90,0.9745,,sim,0.9783,,,,,,logits,empirico,model_confidence,0.9753,0.003,-0.0486,0.0262,3685,1190,2000,0,NÃO DISTINGUE (IC contém zero)
gliner_base-ft-genia__sinais,genia,S8,task_verdict,logit_entropy,absoluta,0.70,,,sim,0.0,,,,,,logits,empirico,model_confidence,0.0,0.0,0.0,0.0,3685,1190,2000,0,NÃO DISTINGUE (IC contém zero)
gliner_base-ft-genia__sinais,genia,S8,task_verdict,logit_entropy,absoluta,0.80,,,sim,0.2008,,,,,,logits,empirico,model_confidence,0.095,0.1058,0.0155,0.3111,3685,1190,2000,0,logit_entropy EXIGE MAIS revisão
gliner_base-ft-genia__sinais,genia,S8,task_verdict,logit_entropy,absoluta,0.90,,,não,inalcançável,,,,,,logits,empirico,model_confidence,0.4583,,,,3685,1190,0,0,inalcançável para logit_entropy
gliner_base-ft-genia__sinais,genia,S8,task_verdict,logit_entropy,absoluta,0.95,,,não,inalcançável,,,,,,logits,empirico,model_confidence,0.9004,,,,3685,1190,0,0,inalcançável para logit_entropy
gliner_base-ft-genia__sinais,genia,S8,task_verdict,logit_entropy,vao,0.25,0.8086,,sim,0.2697,,,,,,logits,empirico,model_confidence,0.117,0.1528,0.0745,0.497,3685,1190,2000,0,logit_entropy EXIGE MAIS revisão
gliner_base-ft-genia__sinais,genia,S8,task_verdict,logit_entropy,vao,0.50,0.8724,,não,inalcançável,,,,,,logits,empirico,model_confidence,0.3427,,,,3685,1190,0,0,inalcançável para logit_entropy
gliner_base-ft-genia__sinais,genia,S8,task_verdict,logit_entropy,vao,0.75,0.9362,,não,inalcançável,,,,,,logits,empirico,model_confidence,0.7772,,,,3685,1190,0,0,inalcançável para logit_entropy
gliner_base-ft-genia__sinais,genia,S8,task_verdict,logit_entropy,vao,0.90,0.9745,,não,inalcançável,,,,,,logits,empirico,model_confidence,0.9753,,,,3685,1190,0,0,inalcançável para logit_entropy
gliner_base-ft-genia__sinais,genia,S9,task_verdict,logit_max,absoluta,0.70,,,sim,0.0,,,,,,logits,empirico,model_confidence,0.0,0.0,0.0,0.0,3685,1190,2000,0,NÃO DISTINGUE (IC contém zero)
gliner_base-ft-genia__sinais,genia,S9,task_verdict,logit_max,absoluta,0.80,,,sim,0.095,,,,,,logits,empirico,model_confidence,0.095,0.0,0.0,0.0,3685,1190,2000,0,NÃO DISTINGUE (IC contém zero)
gliner_base-ft-genia__sinais,genia,S9,task_verdict,logit_max,absoluta,0.90,,,sim,0.4583,,,,,,logits,empirico,model_confidence,0.4583,0.0,0.0,0.0,3685,1190,2000,0,NÃO DISTINGUE (IC contém zero)
gliner_base-ft-genia__sinais,genia,S9,task_verdict,logit_max,absoluta,0.95,,,sim,0.9004,,,,,,logits,empirico,model_confidence,0.9004,0.0,0.0,0.0,3685,1190,2000,0,NÃO DISTINGUE (IC contém zero)
gliner_base-ft-genia__sinais,genia,S9,task_verdict,logit_max,vao,0.25,0.8086,,sim,0.117,,,,,,logits,empirico,model_confidence,0.117,0.0,0.0,0.0,3685,1190,2000,0,NÃO DISTINGUE (IC contém zero)
gliner_base-ft-genia__sinais,genia,S9,task_verdict,logit_max,vao,0.50,0.8724,,sim,0.3427,,,,,,logits,empirico,model_confidence,0.3427,0.0,0.0,0.0,3685,1190,2000,0,NÃO DISTINGUE (IC contém zero)
gliner_base-ft-genia__sinais,genia,S9,task_verdict,logit_max,vao,0.75,0.9362,,sim,0.7772,,,,,,logits,empirico,model_confidence,0.7772,0.0,0.0,0.0,3685,1190,2000,0,NÃO DISTINGUE (IC contém zero)
gliner_base-ft-genia__sinais,genia,S9,task_verdict,logit_max,vao,0.90,0.9745,,sim,0.9753,,,,,,logits,empirico,model_confidence,0.9753,0.0,0.0,0.0,3685,1190,2000,0,NÃO DISTINGUE (IC contém zero)
gliner_base-ft-conll2003__sinais,conll2003,T1,descriptive,(sem supervisor),—,—,,0.0,sim,0.0,1.0,0.8997,0.6498,0.7546,4079,geometrico,—,,,,,,,,,,
gliner_base-ft-conll2003__sinais,conll2003,T1,descriptive,span_size,absoluta,0.70,,0.0,sim,0.0,1.0,0.8997,0.6498,0.7546,4079,geometrico,exato,,,,,,,,,,
gliner_base-ft-conll2003__sinais,conll2003,T1,descriptive,span_size,absoluta,0.80,,0.0,sim,0.0,1.0,0.8997,0.6498,0.7546,4079,geometrico,exato,,,,,,,,,,
gliner_base-ft-conll2003__sinais,conll2003,T1,descriptive,span_size,absoluta,0.90,,0.0042,sim,0.0007,0.9993,0.9001,0.6496,0.7546,4076,geometrico,exato,,,,,,,,,,
gliner_base-ft-conll2003__sinais,conll2003,T1,descriptive,span_size,absoluta,0.95,,,não,inalcançável,,,,,0,geometrico,exato,,,,,,,,,,
gliner_base-ft-conll2003__sinais,conll2003,T1,descriptive,span_size,vao,0.25,0.9186,0.2125,sim,0.5281,0.4719,0.921,0.3139,0.4682,1925,geometrico,exato,,,,,,,,,,
gliner_base-ft-conll2003__sinais,conll2003,T1,descriptive,span_size,vao,0.50,0.9457,,não,inalcançável,,,,,0,geometrico,exato,,,,,,,,,,
gliner_base-ft-conll2003__sinais,conll2003,T1,descriptive,span_size,vao,0.75,0.9729,,não,inalcançável,,,,,0,geometrico,exato,,,,,,,,,,
gliner_base-ft-conll2003__sinais,conll2003,T1,descriptive,span_size,vao,0.90,0.9891,,não,inalcançável,,,,,0,geometrico,exato,,,,,,,,,,
gliner_base-ft-conll2003__sinais,conll2003,T1,descriptive,geometric_fraction,absoluta,0.70,,0.0,sim,0.0,1.0,0.8997,0.6498,0.7546,4079,geometrico,exato,,,,,,,,,,
gliner_base-ft-conll2003__sinais,conll2003,T1,descriptive,geometric_fraction,absoluta,0.80,,0.0,sim,0.0,1.0,0.8997,0.6498,0.7546,4079,geometrico,exato,,,,,,,,,,
gliner_base-ft-conll2003__sinais,conll2003,T1,descriptive,geometric_fraction,absoluta,0.90,,0.0061,sim,0.0012,0.9988,0.9003,0.6494,0.7546,4074,geometrico,exato,,,,,,,,,,
gliner_base-ft-conll2003__sinais,conll2003,T1,descriptive,geometric_fraction,absoluta,0.95,,0.5786,sim,0.9826,0.0174,0.9577,0.012,0.0238,71,geometrico,exato,,,,,,,,,,
gliner_base-ft-conll2003__sinais,conll2003,T1,descriptive,geometric_fraction,vao,0.25,0.9186,0.1884,sim,0.6445,0.3555,0.9186,0.2358,0.3753,1450,geometrico,exato,,,,,,,,,,
gliner_base-ft-conll2003__sinais,conll2003,T1,descriptive,geometric_fraction,vao,0.50,0.9457,0.5786,sim,0.9826,0.0174,0.9577,0.012,0.0238,71,geometrico,exato,,,,,,,,,,
gliner_base-ft-conll2003__sinais,conll2003,T1,descriptive,geometric_fraction,vao,0.75,0.9729,1.0,sim,0.9912,0.0088,1.0,0.0064,0.0127,36,geometrico,exato,,,,,,,,,,
gliner_base-ft-conll2003__sinais,conll2003,T1,descriptive,geometric_fraction,vao,0.90,0.9891,1.0,sim,0.9912,0.0088,1.0,0.0064,0.0127,36,geometrico,exato,,,,,,,,,,
gliner_base-ft-conll2003__sinais,conll2003,T1,descriptive,sentence_length,absoluta,0.70,,0.0,sim,0.0,1.0,0.8997,0.6498,0.7546,4079,geometrico,exato,,,,,,,,,,
gliner_base-ft-conll2003__sinais,conll2003,T1,descriptive,sentence_length,absoluta,0.80,,0.0,sim,0.0,1.0,0.8997,0.6498,0.7546,4079,geometrico,exato,,,,,,,,,,
gliner_base-ft-conll2003__sinais,conll2003,T1,descriptive,sentence_length,absoluta,0.90,,0.0078,sim,0.002,0.998,0.9005,0.6491,0.7544,4071,geometrico,exato,,,,,,,,,,
gliner_base-ft-conll2003__sinais,conll2003,T1,descriptive,sentence_length,absoluta,0.95,,0.6074,sim,0.9377,0.0623,0.9606,0.0432,0.0827,254,geometrico,exato,,,,,,,,,,
gliner_base-ft-conll2003__sinais,conll2003,T1,descriptive,sentence_length,vao,0.25,0.9186,0.2039,sim,0.7205,0.2795,0.9202,0.1857,0.3091,1140,geometrico,exato,,,,,,,,,,
gliner_base-ft-conll2003__sinais,conll2003,T1,descriptive,sentence_length,vao,0.50,0.9457,0.6074,sim,0.9377,0.0623,0.9606,0.0432,0.0827,254,geometrico,exato,,,,,,,,,,
gliner_base-ft-conll2003__sinais,conll2003,T1,descriptive,sentence_length,vao,0.75,0.9729,0.7323,sim,0.9635,0.0365,0.9732,0.0257,0.05,149,geometrico,exato,,,,,,,,,,
gliner_base-ft-conll2003__sinais,conll2003,T1,descriptive,sentence_length,vao,0.90,0.9891,0.9208,sim,0.9691,0.0309,0.9921,0.0221,0.0433,126,geometrico,exato,,,,,,,,,,
gliner_base-ft-conll2003__sinais,conll2003,T1,descriptive,row_entropy,absoluta,0.70,,0.0,sim,0.0,1.0,0.8997,0.6498,0.7546,4079,atencao,exato,,,,,,,,,,
gliner_base-ft-conll2003__sinais,conll2003,T1,descriptive,row_entropy,absoluta,0.80,,0.0,sim,0.0,1.0,0.8997,0.6498,0.7546,4079,atencao,exato,,,,,,,,,,
gliner_base-ft-conll2003__sinais,conll2003,T1,descriptive,row_entropy,absoluta,0.90,,0.0044,sim,0.0005,0.9995,0.9002,0.6498,0.7548,4077,atencao,exato,,,,,,,,,,
gliner_base-ft-conll2003__sinais,conll2003,T1,descriptive,row_entropy,absoluta,0.95,,0.5632,sim,0.9664,0.0336,0.9562,0.0232,0.0453,137,atencao,exato,,,,,,,,,,
gliner_base-ft-conll2003__sinais,conll2003,T1,descriptive,row_entropy,vao,0.25,0.9186,0.1904,sim,0.7252,0.2748,0.9188,0.1824,0.3043,1121,atencao,exato,,,,,,,,,,
gliner_base-ft-conll2003__sinais,conll2003,T1,descriptive,row_entropy,vao,0.50,0.9457,0.4751,sim,0.9627,0.0373,0.9474,0.0255,0.0497,152,atencao,exato,,,,,,,,,,
gliner_base-ft-conll2003__sinais,conll2003,T1,descriptive,row_entropy,vao,0.75,0.9729,0.7305,sim,0.9909,0.0091,0.973,0.0064,0.0127,37,atencao,exato,,,,,,,,,,
gliner_base-ft-conll2003__sinais,conll2003,T1,descriptive,row_entropy,vao,0.90,0.9891,1.0,sim,0.9961,0.0039,1.0,0.0028,0.0056,16,atencao,exato,,,,,,,,,,
gliner_base-ft-conll2003__sinais,conll2003,T1,descriptive,row_max,absoluta,0.70,,0.0,sim,0.0,1.0,0.8997,0.6498,0.7546,4079,atencao,exato,,,,,,,,,,
gliner_base-ft-conll2003__sinais,conll2003,T1,descriptive,row_max,absoluta,0.80,,0.0,sim,0.0,1.0,0.8997,0.6498,0.7546,4079,atencao,exato,,,,,,,,,,
gliner_base-ft-conll2003__sinais,conll2003,T1,descriptive,row_max,absoluta,0.90,,0.0044,sim,0.0005,0.9995,0.9002,0.6498,0.7548,4077,atencao,exato,,,,,,,,,,
gliner_base-ft-conll2003__sinais,conll2003,T1,descriptive,row_max,absoluta,0.95,,1.0,sim,0.9985,0.0015,1.0,0.0011,0.0021,6,atencao,exato,,,,,,,,,,
gliner_base-ft-conll2003__sinais,conll2003,T1,descriptive,row_max,vao,0.25,0.9186,0.2651,sim,0.9767,0.0233,0.9263,0.0156,0.0306,95,atencao,exato,,,,,,,,,,
gliner_base-ft-conll2003__sinais,conll2003,T1,descriptive,row_max,vao,0.50,0.9457,1.0,sim,0.9985,0.0015,1.0,0.0011,0.0021,6,atencao,exato,,,,,,,,,,
gliner_base-ft-conll2003__sinais,conll2003,T1,descriptive,row_max,vao,0.75,0.9729,1.0,sim,0.9985,0.0015,1.0,0.0011,0.0021,6,atencao,exato,,,,,,,,,,
gliner_base-ft-conll2003__sinais,conll2003,T1,descriptive,row_max,vao,0.90,0.9891,1.0,sim,0.9985,0.0015,1.0,0.0011,0.0021,6,atencao,exato,,,,,,,,,,
gliner_base-ft-conll2003__sinais,conll2003,T1,descriptive,emitted_mass,absoluta,0.70,,0.0,sim,0.0,1.0,0.8997,0.6498,0.7546,4079,atencao,exato,,,,,,,,,,
gliner_base-ft-conll2003__sinais,conll2003,T1,descriptive,emitted_mass,absoluta,0.80,,0.0,sim,0.0,1.0,0.8997,0.6498,0.7546,4079,atencao,exato,,,,,,,,,,
gliner_base-ft-conll2003__sinais,conll2003,T1,descriptive,emitted_mass,absoluta,0.90,,0.0039,sim,0.001,0.999,0.9001,0.6494,0.7545,4075,atencao,exato,,,,,,,,,,
gliner_base-ft-conll2003__sinais,conll2003,T1,descriptive,emitted_mass,absoluta,0.95,,,não,inalcançável,,,,,0,atencao,exato,,,,,,,,,,
gliner_base-ft-conll2003__sinais,conll2003,T1,descriptive,emitted_mass,vao,0.25,0.9186,0.1884,sim,0.4668,0.5332,0.9186,0.3538,0.5108,2175,atencao,exato,,,,,,,,,,
gliner_base-ft-conll2003__sinais,conll2003,T1,descriptive,emitted_mass,vao,0.50,0.9457,,não,inalcançável,,,,,0,atencao,exato,,,,,,,,,,
gliner_base-ft-conll2003__sinais,conll2003,T1,descriptive,emitted_mass,vao,0.75,0.9729,,não,inalcançável,,,,,0,atencao,exato,,,,,,,,,,
gliner_base-ft-conll2003__sinais,conll2003,T1,descriptive,emitted_mass,vao,0.90,0.9891,,não,inalcançável,,,,,0,atencao,exato,,,,,,,,,,
gliner_base-ft-conll2003__sinais,conll2003,T1,descriptive,hidden_norm,absoluta,0.70,,0.0,sim,0.0,1.0,0.8997,0.6498,0.7546,4079,estados_ocultos,empirico,,,,,,,,,,
gliner_base-ft-conll2003__sinais,conll2003,T1,descriptive,hidden_norm,absoluta,0.80,,0.0,sim,0.0,1.0,0.8997,0.6498,0.7546,4079,estados_ocultos,empirico,,,,,,,,,,
gliner_base-ft-conll2003__sinais,conll2003,T1,descriptive,hidden_norm,absoluta,0.90,,0.0042,sim,0.0007,0.9993,0.9001,0.6496,0.7546,4076,estados_ocultos,empirico,,,,,,,,,,
gliner_base-ft-conll2003__sinais,conll2003,T1,descriptive,hidden_norm,absoluta,0.95,,,não,inalcançável,,,,,0,estados_ocultos,empirico,,,,,,,,,,
gliner_base-ft-conll2003__sinais,conll2003,T1,descriptive,hidden_norm,vao,0.25,0.9186,0.1888,sim,0.129,0.871,0.9187,0.5779,0.7095,3553,estados_ocultos,empirico,,,,,,,,,,
gliner_base-ft-conll2003__sinais,conll2003,T1,descriptive,hidden_norm,vao,0.50,0.9457,,não,inalcançável,,,,,0,estados_ocultos,empirico,,,,,,,,,,
gliner_base-ft-conll2003__sinais,conll2003,T1,descriptive,hidden_norm,vao,0.75,0.9729,,não,inalcançável,,,,,0,estados_ocultos,empirico,,,,,,,,,,
gliner_base-ft-conll2003__sinais,conll2003,T1,descriptive,hidden_norm,vao,0.90,0.9891,,não,inalcançável,,,,,0,estados_ocultos,empirico,,,,,,,,,,
gliner_base-ft-conll2003__sinais,conll2003,T1,descriptive,hidden_dist_centroide,absoluta,0.70,,0.0,sim,0.0,1.0,0.8997,0.6498,0.7546,4079,estados_ocultos,empirico,,,,,,,,,,
gliner_base-ft-conll2003__sinais,conll2003,T1,descriptive,hidden_dist_centroide,absoluta,0.80,,0.0,sim,0.0,1.0,0.8997,0.6498,0.7546,4079,estados_ocultos,empirico,,,,,,,,,,
gliner_base-ft-conll2003__sinais,conll2003,T1,descriptive,hidden_dist_centroide,absoluta,0.90,,0.0039,sim,0.001,0.999,0.9001,0.6494,0.7545,4075,estados_ocultos,empirico,,,,,,,,,,
gliner_base-ft-conll2003__sinais,conll2003,T1,descriptive,hidden_dist_centroide,absoluta,0.95,,1.0,sim,0.9998,0.0002,1.0,0.0002,0.0004,1,estados_ocultos,empirico,,,,,,,,,,
gliner_base-ft-conll2003__sinais,conll2003,T1,descriptive,hidden_dist_centroide,vao,0.25,0.9186,0.1894,sim,0.264,0.736,0.9187,0.4883,0.6377,3002,estados_ocultos,empirico,,,,,,,,,,
gliner_base-ft-conll2003__sinais,conll2003,T1,descriptive,hidden_dist_centroide,vao,0.50,0.9457,1.0,sim,0.9998,0.0002,1.0,0.0002,0.0004,1,estados_ocultos,empirico,,,,,,,,,,
gliner_base-ft-conll2003__sinais,conll2003,T1,descriptive,hidden_dist_centroide,vao,0.75,0.9729,1.0,sim,0.9998,0.0002,1.0,0.0002,0.0004,1,estados_ocultos,empirico,,,,,,,,,,
gliner_base-ft-conll2003__sinais,conll2003,T1,descriptive,hidden_dist_centroide,vao,0.90,0.9891,1.0,sim,0.9998,0.0002,1.0,0.0002,0.0004,1,estados_ocultos,empirico,,,,,,,,,,
gliner_base-ft-conll2003__sinais,conll2003,T1,descriptive,hidden_delta_camadas,absoluta,0.70,,0.0,sim,0.0,1.0,0.8997,0.6498,0.7546,4079,estados_ocultos,empirico,,,,,,,,,,
gliner_base-ft-conll2003__sinais,conll2003,T1,descriptive,hidden_delta_camadas,absoluta,0.80,,0.0,sim,0.0,1.0,0.8997,0.6498,0.7546,4079,estados_ocultos,empirico,,,,,,,,,,
gliner_base-ft-conll2003__sinais,conll2003,T1,descriptive,hidden_delta_camadas,absoluta,0.90,,0.0032,sim,0.0017,0.9983,0.9,0.6489,0.7541,4072,estados_ocultos,empirico,,,,,,,,,,
gliner_base-ft-conll2003__sinais,conll2003,T1,descriptive,hidden_delta_camadas,absoluta,0.95,,,não,inalcançável,,,,,0,estados_ocultos,empirico,,,,,,,,,,
gliner_base-ft-conll2003__sinais,conll2003,T1,descriptive,hidden_delta_camadas,vao,0.25,0.9186,0.1932,sim,0.597,0.403,0.9191,0.2675,0.4144,1644,estados_ocultos,empirico,,,,,,,,,,
gliner_base-ft-conll2003__sinais,conll2003,T1,descriptive,hidden_delta_camadas,vao,0.50,0.9457,,não,inalcançável,,,,,0,estados_ocultos,empirico,,,,,,,,,,
gliner_base-ft-conll2003__sinais,conll2003,T1,descriptive,hidden_delta_camadas,vao,0.75,0.9729,,não,inalcançável,,,,,0,estados_ocultos,empirico,,,,,,,,,,
gliner_base-ft-conll2003__sinais,conll2003,T1,descriptive,hidden_delta_camadas,vao,0.90,0.9891,,não,inalcançável,,,,,0,estados_ocultos,empirico,,,,,,,,,,
gliner_base-ft-conll2003__sinais,conll2003,T1,descriptive,logit_margin,absoluta,0.70,,0.0,sim,0.0,1.0,0.8997,0.6498,0.7546,4079,logits,empirico,,,,,,,,,,
gliner_base-ft-conll2003__sinais,conll2003,T1,descriptive,logit_margin,absoluta,0.80,,0.0,sim,0.0,1.0,0.8997,0.6498,0.7546,4079,logits,empirico,,,,,,,,,,
gliner_base-ft-conll2003__sinais,conll2003,T1,descriptive,logit_margin,absoluta,0.90,,0.0044,sim,0.0005,0.9995,0.9002,0.6498,0.7548,4077,logits,empirico,,,,,,,,,,
gliner_base-ft-conll2003__sinais,conll2003,T1,descriptive,logit_margin,absoluta,0.95,,0.5016,sim,0.1169,0.8831,0.95,0.6059,0.7399,3602,logits,empirico,,,,,,,,,,
gliner_base-ft-conll2003__sinais,conll2003,T1,descriptive,logit_margin,vao,0.25,0.9186,0.1897,sim,0.0284,0.9716,0.9187,0.6447,0.7577,3963,logits,empirico,,,,,,,,,,
gliner_base-ft-conll2003__sinais,conll2003,T1,descriptive,logit_margin,vao,0.50,0.9457,0.4597,sim,0.0995,0.9005,0.9458,0.6151,0.7454,3673,logits,empirico,,,,,,,,,,
gliner_base-ft-conll2003__sinais,conll2003,T1,descriptive,logit_margin,vao,0.75,0.9729,,não,inalcançável,,,,,0,logits,empirico,,,,,,,,,,
gliner_base-ft-conll2003__sinais,conll2003,T1,descriptive,logit_margin,vao,0.90,0.9891,,não,inalcançável,,,,,0,logits,empirico,,,,,,,,,,
gliner_base-ft-conll2003__sinais,conll2003,T1,descriptive,logit_entropy,absoluta,0.70,,0.0,sim,0.0,1.0,0.8997,0.6498,0.7546,4079,logits,empirico,,,,,,,,,,
gliner_base-ft-conll2003__sinais,conll2003,T1,descriptive,logit_entropy,absoluta,0.80,,0.0,sim,0.0,1.0,0.8997,0.6498,0.7546,4079,logits,empirico,,,,,,,,,,
gliner_base-ft-conll2003__sinais,conll2003,T1,descriptive,logit_entropy,absoluta,0.90,,0.0044,sim,0.0005,0.9995,0.9002,0.6498,0.7548,4077,logits,empirico,,,,,,,,,,
gliner_base-ft-conll2003__sinais,conll2003,T1,descriptive,logit_entropy,absoluta,0.95,,0.5061,sim,0.1437,0.8563,0.9505,0.5878,0.7264,3493,logits,empirico,,,,,,,,,,
gliner_base-ft-conll2003__sinais,conll2003,T1,descriptive,logit_entropy,vao,0.25,0.9186,0.1889,sim,0.0324,0.9676,0.9187,0.642,0.7558,3947,logits,empirico,,,,,,,,,,
gliner_base-ft-conll2003__sinais,conll2003,T1,descriptive,logit_entropy,vao,0.50,0.9457,0.4598,sim,0.1084,0.8916,0.9458,0.6091,0.741,3637,logits,empirico,,,,,,,,,,
gliner_base-ft-conll2003__sinais,conll2003,T1,descriptive,logit_entropy,vao,0.75,0.9729,,não,inalcançável,,,,,0,logits,empirico,,,,,,,,,,
gliner_base-ft-conll2003__sinais,conll2003,T1,descriptive,logit_entropy,vao,0.90,0.9891,,não,inalcançável,,,,,0,logits,empirico,,,,,,,,,,
gliner_base-ft-conll2003__sinais,conll2003,T1,descriptive,logit_max,absoluta,0.70,,0.0,sim,0.0,1.0,0.8997,0.6498,0.7546,4079,logits,empirico,,,,,,,,,,
gliner_base-ft-conll2003__sinais,conll2003,T1,descriptive,logit_max,absoluta,0.80,,0.0,sim,0.0,1.0,0.8997,0.6498,0.7546,4079,logits,empirico,,,,,,,,,,
gliner_base-ft-conll2003__sinais,conll2003,T1,descriptive,logit_max,absoluta,0.90,,0.0044,sim,0.0005,0.9995,0.9002,0.6498,0.7548,4077,logits,empirico,,,,,,,,,,
gliner_base-ft-conll2003__sinais,conll2003,T1,descriptive,logit_max,absoluta,0.95,,0.5093,sim,0.1429,0.8571,0.9508,0.5885,0.727,3496,logits,empirico,,,,,,,,,,
gliner_base-ft-conll2003__sinais,conll2003,T1,descriptive,logit_max,vao,0.25,0.9186,0.1889,sim,0.0294,0.9706,0.9187,0.6439,0.7572,3959,logits,empirico,,,,,,,,,,
gliner_base-ft-conll2003__sinais,conll2003,T1,descriptive,logit_max,vao,0.50,0.9457,0.4589,sim,0.1189,0.8811,0.9457,0.6018,0.7356,3594,logits,empirico,,,,,,,,,,
gliner_base-ft-conll2003__sinais,conll2003,T1,descriptive,logit_max,vao,0.75,0.9729,,não,inalcançável,,,,,0,logits,empirico,,,,,,,,,,
gliner_base-ft-conll2003__sinais,conll2003,T1,descriptive,logit_max,vao,0.90,0.9891,,não,inalcançável,,,,,0,logits,empirico,,,,,,,,,,
gliner_base-ft-conll2003__sinais,conll2003,T1,descriptive,span_mass,absoluta,0.70,,0.0,sim,0.0,1.0,0.8997,0.6498,0.7546,4079,atencao,exato,,,,,,,,,,
gliner_base-ft-conll2003__sinais,conll2003,T1,descriptive,span_mass,absoluta,0.80,,0.0,sim,0.0,1.0,0.8997,0.6498,0.7546,4079,atencao,exato,,,,,,,,,,
gliner_base-ft-conll2003__sinais,conll2003,T1,descriptive,span_mass,absoluta,0.90,,0.0039,sim,0.001,0.999,0.9001,0.6494,0.7545,4075,atencao,exato,,,,,,,,,,
gliner_base-ft-conll2003__sinais,conll2003,T1,descriptive,span_mass,absoluta,0.95,,0.5013,sim,0.9902,0.0098,0.95,0.0067,0.0134,40,atencao,exato,,,,,,,,,,
gliner_base-ft-conll2003__sinais,conll2003,T1,descriptive,span_mass,vao,0.25,0.9186,0.1893,sim,0.3697,0.6303,0.9187,0.4182,0.5748,2571,atencao,exato,,,,,,,,,,
gliner_base-ft-conll2003__sinais,conll2003,T1,descriptive,span_mass,vao,0.50,0.9457,0.5013,sim,0.9902,0.0098,0.95,0.0067,0.0134,40,atencao,exato,,,,,,,,,,
gliner_base-ft-conll2003__sinais,conll2003,T1,descriptive,span_mass,vao,0.75,0.9729,1.0,sim,0.9949,0.0051,1.0,0.0037,0.0074,21,atencao,exato,,,,,,,,,,
gliner_base-ft-conll2003__sinais,conll2003,T1,descriptive,span_mass,vao,0.90,0.9891,1.0,sim,0.9949,0.0051,1.0,0.0037,0.0074,21,atencao,exato,,,,,,,,,,
gliner_base-ft-conll2003__sinais,conll2003,T1,descriptive,model_confidence,absoluta,0.70,,0.0,sim,0.0,1.0,0.8997,0.6498,0.7546,4079,geometrico,—,,,,,,,,,,
gliner_base-ft-conll2003__sinais,conll2003,T1,descriptive,model_confidence,absoluta,0.80,,0.0,sim,0.0,1.0,0.8997,0.6498,0.7546,4079,geometrico,—,,,,,,,,,,
gliner_base-ft-conll2003__sinais,conll2003,T1,descriptive,model_confidence,absoluta,0.90,,0.0044,sim,0.0005,0.9995,0.9002,0.6498,0.7548,4077,geometrico,—,,,,,,,,,,
gliner_base-ft-conll2003__sinais,conll2003,T1,descriptive,model_confidence,absoluta,0.95,,0.5093,sim,0.1429,0.8571,0.9508,0.5885,0.727,3496,geometrico,—,,,,,,,,,,
gliner_base-ft-conll2003__sinais,conll2003,T1,descriptive,model_confidence,vao,0.25,0.9186,0.1889,sim,0.0294,0.9706,0.9187,0.6439,0.7572,3959,geometrico,—,,,,,,,,,,
gliner_base-ft-conll2003__sinais,conll2003,T1,descriptive,model_confidence,vao,0.50,0.9457,0.4589,sim,0.1189,0.8811,0.9457,0.6018,0.7356,3594,geometrico,—,,,,,,,,,,
gliner_base-ft-conll2003__sinais,conll2003,T1,descriptive,model_confidence,vao,0.75,0.9729,,não,inalcançável,,,,,0,geometrico,—,,,,,,,,,,
gliner_base-ft-conll2003__sinais,conll2003,T1,descriptive,model_confidence,vao,0.90,0.9891,,não,inalcançável,,,,,0,geometrico,—,,,,,,,,,,
gliner_base-ft-conll2003__sinais,conll2003,T2,task_verdict,span_mass,absoluta,0.70,,,sim,0.0,,,,,,atencao,exato,model_confidence,0.0,0.0,0.0,0.0,4079,2023,2000,0,NÃO DISTINGUE (IC contém zero)
gliner_base-ft-conll2003__sinais,conll2003,T2,task_verdict,span_mass,absoluta,0.80,,,sim,0.0,,,,,,atencao,exato,model_confidence,0.0,0.0,0.0,0.0,4079,2023,2000,0,NÃO DISTINGUE (IC contém zero)
gliner_base-ft-conll2003__sinais,conll2003,T2,task_verdict,span_mass,absoluta,0.90,,,sim,0.001,,,,,,atencao,exato,model_confidence,0.0005,0.0005,-0.0002,0.0153,4079,2023,2000,0,NÃO DISTINGUE (IC contém zero)
gliner_base-ft-conll2003__sinais,conll2003,T2,task_verdict,span_mass,absoluta,0.95,,,sim,0.9902,,,,,,atencao,exato,model_confidence,0.1429,0.8473,0.7809,0.8867,4079,2023,1841,159,span_mass EXIGE MAIS revisão
gliner_base-ft-conll2003__sinais,conll2003,T2,task_verdict,span_mass,vao,0.25,0.9186,,sim,0.3697,,,,,,atencao,exato,model_confidence,0.0294,0.3403,0.0094,0.9443,4079,2023,2000,0,span_mass EXIGE MAIS revisão
gliner_base-ft-conll2003__sinais,conll2003,T2,task_verdict,span_mass,vao,0.50,0.9457,,sim,0.9902,,,,,,atencao,exato,model_confidence,0.1189,0.8713,0.7884,0.9015,4079,2023,1991,9,span_mass EXIGE MAIS revisão
gliner_base-ft-conll2003__sinais,conll2003,T2,task_verdict,span_mass,vao,0.75,0.9729,,não,0.9949,,,,,,atencao,exato,model_confidence,inalcançável,,,,4079,2023,0,0,inalcançável para model_confidence
gliner_base-ft-conll2003__sinais,conll2003,T2,task_verdict,span_mass,vao,0.90,0.9891,,não,0.9949,,,,,,atencao,exato,model_confidence,inalcançável,,,,4079,2023,0,0,inalcançável para model_confidence
gliner_base-ft-conll2003__sinais,conll2003,T3,task_verdict,enrichment,absoluta,0.70,,,sim,0.0,,,,,,geometrico,—,model_confidence,0.0,0.0,0.0,0.0,4079,2023,2000,0,NÃO DISTINGUE (IC contém zero)
gliner_base-ft-conll2003__sinais,conll2003,T3,task_verdict,enrichment,absoluta,0.80,,,sim,0.0,,,,,,geometrico,—,model_confidence,0.0,0.0,0.0,0.0,4079,2023,2000,0,NÃO DISTINGUE (IC contém zero)
gliner_base-ft-conll2003__sinais,conll2003,T3,task_verdict,enrichment,absoluta,0.90,,,sim,0.0005,,,,,,geometrico,—,model_confidence,0.0005,0.0,0.0,0.6646,4079,2023,2000,0,NÃO DISTINGUE (IC contém zero)
gliner_base-ft-conll2003__sinais,conll2003,T3,task_verdict,enrichment,absoluta,0.95,,,sim,0.9752,,,,,,geometrico,—,model_confidence,0.1429,0.8323,0.7617,0.882,4079,2023,1841,159,enrichment EXIGE MAIS revisão
gliner_base-ft-conll2003__sinais,conll2003,T3,task_verdict,enrichment,vao,0.25,0.9186,,sim,0.9201,,,,,,geometrico,—,model_confidence,0.0294,0.8907,0.2947,0.9305,4079,2023,2000,0,enrichment EXIGE MAIS revisão
gliner_base-ft-conll2003__sinais,conll2003,T3,task_verdict,enrichment,vao,0.50,0.9457,,sim,0.9539,,,,,,geometrico,—,model_confidence,0.1189,0.835,0.7764,0.8969,4079,2023,1991,9,enrichment EXIGE MAIS revisão
gliner_base-ft-conll2003__sinais,conll2003,T3,task_verdict,enrichment,vao,0.75,0.9729,,não,0.9963,,,,,,geometrico,—,model_confidence,inalcançável,,,,4079,2023,0,0,inalcançável para model_confidence
gliner_base-ft-conll2003__sinais,conll2003,T3,task_verdict,enrichment,vao,0.90,0.9891,,não,0.9963,,,,,,geometrico,—,model_confidence,inalcançável,,,,4079,2023,0,0,inalcançável para model_confidence
gliner_base-ft-conll2003__sinais,conll2003,T4,task_verdict,model_confidence+enrichment,absoluta,0.70,,,sim,0.0,,,,,,geometrico,—,model_confidence,0.0,0.0,0.0,0.0,4079,2023,2000,0,NÃO DISTINGUE (IC contém zero)
gliner_base-ft-conll2003__sinais,conll2003,T4,task_verdict,model_confidence+enrichment,absoluta,0.80,,,sim,0.0,,,,,,geometrico,—,model_confidence,0.0,0.0,0.0,0.0,4079,2023,2000,0,NÃO DISTINGUE (IC contém zero)
gliner_base-ft-conll2003__sinais,conll2003,T4,task_verdict,model_confidence+enrichment,absoluta,0.90,,,sim,0.0005,,,,,,geometrico,—,model_confidence,0.0005,0.0,0.0,0.0,4079,2023,2000,0,NÃO DISTINGUE (IC contém zero)
gliner_base-ft-conll2003__sinais,conll2003,T4,task_verdict,model_confidence+enrichment,absoluta,0.95,,,sim,0.1429,,,,,,geometrico,—,model_confidence,0.1429,0.0,0.0,0.0,4079,2023,1841,159,NÃO DISTINGUE (IC contém zero)
gliner_base-ft-conll2003__sinais,conll2003,T4,task_verdict,model_confidence+enrichment,vao,0.25,0.9186,,sim,0.0294,,,,,,geometrico,—,model_confidence,0.0294,0.0,0.0,0.0,4079,2023,2000,0,NÃO DISTINGUE (IC contém zero)
gliner_base-ft-conll2003__sinais,conll2003,T4,task_verdict,model_confidence+enrichment,vao,0.50,0.9457,,sim,0.1189,,,,,,geometrico,—,model_confidence,0.1189,0.0,0.0,0.0,4079,2023,1991,9,NÃO DISTINGUE (IC contém zero)
gliner_base-ft-conll2003__sinais,conll2003,T4,task_verdict,model_confidence+enrichment,vao,0.75,0.9729,,não,inalcançável,,,,,,geometrico,—,model_confidence,inalcançável,,,,4079,2023,0,0,inalcançável para model_confidence+enrichment e model_confidence
gliner_base-ft-conll2003__sinais,conll2003,T4,task_verdict,model_confidence+enrichment,vao,0.90,0.9891,,não,inalcançável,,,,,,geometrico,—,model_confidence,inalcançável,,,,4079,2023,0,0,inalcançável para model_confidence+enrichment e model_confidence
gliner_base-ft-conll2003__sinais,conll2003,S1,task_verdict,row_entropy,absoluta,0.70,,,sim,0.0,,,,,,atencao,exato,model_confidence,0.0,0.0,0.0,0.0,4079,2023,2000,0,NÃO DISTINGUE (IC contém zero)
gliner_base-ft-conll2003__sinais,conll2003,S1,task_verdict,row_entropy,absoluta,0.80,,,sim,0.0,,,,,,atencao,exato,model_confidence,0.0,0.0,0.0,0.0,4079,2023,2000,0,NÃO DISTINGUE (IC contém zero)
gliner_base-ft-conll2003__sinais,conll2003,S1,task_verdict,row_entropy,absoluta,0.90,,,sim,0.0005,,,,,,atencao,exato,model_confidence,0.0005,0.0,-0.0007,0.6278,4079,2023,2000,0,NÃO DISTINGUE (IC contém zero)
gliner_base-ft-conll2003__sinais,conll2003,S1,task_verdict,row_entropy,absoluta,0.95,,,sim,0.9664,,,,,,atencao,exato,model_confidence,0.1429,0.8235,0.7344,0.8833,4079,2023,1833,167,row_entropy EXIGE MAIS revisão
gliner_base-ft-conll2003__sinais,conll2003,S1,task_verdict,row_entropy,vao,0.25,0.9186,,sim,0.7252,,,,,,atencao,exato,model_confidence,0.0294,0.6958,0.2604,0.9512,4079,2023,1997,3,row_entropy EXIGE MAIS revisão
gliner_base-ft-conll2003__sinais,conll2003,S1,task_verdict,row_entropy,vao,0.50,0.9457,,sim,0.9627,,,,,,atencao,exato,model_confidence,0.1189,0.8438,0.7069,0.8994,4079,2023,1984,16,row_entropy EXIGE MAIS revisão
gliner_base-ft-conll2003__sinais,conll2003,S1,task_verdict,row_entropy,vao,0.75,0.9729,,não,0.9909,,,,,,atencao,exato,model_confidence,inalcançável,,,,4079,2023,0,0,inalcançável para model_confidence
gliner_base-ft-conll2003__sinais,conll2003,S1,task_verdict,row_entropy,vao,0.90,0.9891,,não,0.9961,,,,,,atencao,exato,model_confidence,inalcançável,,,,4079,2023,0,0,inalcançável para model_confidence
gliner_base-ft-conll2003__sinais,conll2003,S2,task_verdict,row_max,absoluta,0.70,,,sim,0.0,,,,,,atencao,exato,model_confidence,0.0,0.0,0.0,0.0,4079,2023,2000,0,NÃO DISTINGUE (IC contém zero)
gliner_base-ft-conll2003__sinais,conll2003,S2,task_verdict,row_max,absoluta,0.80,,,sim,0.0,,,,,,atencao,exato,model_confidence,0.0,0.0,0.0,0.0,4079,2023,2000,0,NÃO DISTINGUE (IC contém zero)
gliner_base-ft-conll2003__sinais,conll2003,S2,task_verdict,row_max,absoluta,0.90,,,sim,0.0005,,,,,,atencao,exato,model_confidence,0.0005,0.0,0.0,0.9284,4079,2023,2000,0,NÃO DISTINGUE (IC contém zero)
gliner_base-ft-conll2003__sinais,conll2003,S2,task_verdict,row_max,absoluta,0.95,,,sim,0.9985,,,,,,atencao,exato,model_confidence,0.1429,0.8556,0.7918,0.894,4079,2023,1837,163,row_max EXIGE MAIS revisão
gliner_base-ft-conll2003__sinais,conll2003,S2,task_verdict,row_max,vao,0.25,0.9186,,sim,0.9767,,,,,,atencao,exato,model_confidence,0.0294,0.9473,0.219,0.9746,4079,2023,1999,1,row_max EXIGE MAIS revisão
gliner_base-ft-conll2003__sinais,conll2003,S2,task_verdict,row_max,vao,0.50,0.9457,,sim,0.9985,,,,,,atencao,exato,model_confidence,0.1189,0.8796,0.7978,0.9086,4079,2023,1987,13,row_max EXIGE MAIS revisão
gliner_base-ft-conll2003__sinais,conll2003,S2,task_verdict,row_max,vao,0.75,0.9729,,não,0.9985,,,,,,atencao,exato,model_confidence,inalcançável,,,,4079,2023,0,0,inalcançável para model_confidence
gliner_base-ft-conll2003__sinais,conll2003,S2,task_verdict,row_max,vao,0.90,0.9891,,não,0.9985,,,,,,atencao,exato,model_confidence,inalcançável,,,,4079,2023,0,0,inalcançável para model_confidence
gliner_base-ft-conll2003__sinais,conll2003,S3,task_verdict,emitted_mass,absoluta,0.70,,,sim,0.0,,,,,,atencao,exato,model_confidence,0.0,0.0,0.0,0.0,4079,2023,2000,0,NÃO DISTINGUE (IC contém zero)
gliner_base-ft-conll2003__sinais,conll2003,S3,task_verdict,emitted_mass,absoluta,0.80,,,sim,0.0,,,,,,atencao,exato,model_confidence,0.0,0.0,0.0,0.0,4079,2023,2000,0,NÃO DISTINGUE (IC contém zero)
gliner_base-ft-conll2003__sinais,conll2003,S3,task_verdict,emitted_mass,absoluta,0.90,,,sim,0.001,,,,,,atencao,exato,model_confidence,0.0005,0.0005,0.0,0.0595,4079,2023,2000,0,NÃO DISTINGUE (IC contém zero)
gliner_base-ft-conll2003__sinais,conll2003,S3,task_verdict,emitted_mass,absoluta,0.95,,,não,inalcançável,,,,,,atencao,exato,model_confidence,0.1429,,,,4079,2023,0,0,inalcançável para emitted_mass
gliner_base-ft-conll2003__sinais,conll2003,S3,task_verdict,emitted_mass,vao,0.25,0.9186,,sim,0.4668,,,,,,atencao,exato,model_confidence,0.0294,0.4374,0.0459,0.5193,4079,2023,1657,343,emitted_mass EXIGE MAIS revisão
gliner_base-ft-conll2003__sinais,conll2003,S3,task_verdict,emitted_mass,vao,0.50,0.9457,,não,inalcançável,,,,,,atencao,exato,model_confidence,0.1189,,,,4079,2023,0,0,inalcançável para emitted_mass
gliner_base-ft-conll2003__sinais,conll2003,S3,task_verdict,emitted_mass,vao,0.75,0.9729,,não,inalcançável,,,,,,atencao,exato,model_confidence,inalcançável,,,,4079,2023,0,0,inalcançável para emitted_mass e model_confidence
gliner_base-ft-conll2003__sinais,conll2003,S3,task_verdict,emitted_mass,vao,0.90,0.9891,,não,inalcançável,,,,,,atencao,exato,model_confidence,inalcançável,,,,4079,2023,0,0,inalcançável para emitted_mass e model_confidence
gliner_base-ft-conll2003__sinais,conll2003,S4,task_verdict,hidden_norm,absoluta,0.70,,,sim,0.0,,,,,,estados_ocultos,empirico,model_confidence,0.0,0.0,0.0,0.0,4079,2023,2000,0,NÃO DISTINGUE (IC contém zero)
gliner_base-ft-conll2003__sinais,conll2003,S4,task_verdict,hidden_norm,absoluta,0.80,,,sim,0.0,,,,,,estados_ocultos,empirico,model_confidence,0.0,0.0,0.0,0.0,4079,2023,2000,0,NÃO DISTINGUE (IC contém zero)
gliner_base-ft-conll2003__sinais,conll2003,S4,task_verdict,hidden_norm,absoluta,0.90,,,sim,0.0007,,,,,,estados_ocultos,empirico,model_confidence,0.0005,0.0002,0.0,0.0518,4079,2023,2000,0,NÃO DISTINGUE (IC contém zero)
gliner_base-ft-conll2003__sinais,conll2003,S4,task_verdict,hidden_norm,absoluta,0.95,,,não,inalcançável,,,,,,estados_ocultos,empirico,model_confidence,0.1429,,,,4079,2023,0,0,inalcançável para hidden_norm
gliner_base-ft-conll2003__sinais,conll2003,S4,task_verdict,hidden_norm,vao,0.25,0.9186,,sim,0.129,,,,,,estados_ocultos,empirico,model_confidence,0.0294,0.0995,0.0332,0.5795,4079,2023,1996,4,hidden_norm EXIGE MAIS revisão
gliner_base-ft-conll2003__sinais,conll2003,S4,task_verdict,hidden_norm,vao,0.50,0.9457,,não,inalcançável,,,,,,estados_ocultos,empirico,model_confidence,0.1189,,,,4079,2023,0,0,inalcançável para hidden_norm
gliner_base-ft-conll2003__sinais,conll2003,S4,task_verdict,hidden_norm,vao,0.75,0.9729,,não,inalcançável,,,,,,estados_ocultos,empirico,model_confidence,inalcançável,,,,4079,2023,0,0,inalcançável para hidden_norm e model_confidence
gliner_base-ft-conll2003__sinais,conll2003,S4,task_verdict,hidden_norm,vao,0.90,0.9891,,não,inalcançável,,,,,,estados_ocultos,empirico,model_confidence,inalcançável,,,,4079,2023,0,0,inalcançável para hidden_norm e model_confidence
gliner_base-ft-conll2003__sinais,conll2003,S5,task_verdict,hidden_dist_centroide,absoluta,0.70,,,sim,0.0,,,,,,estados_ocultos,empirico,model_confidence,0.0,0.0,0.0,0.0,4079,2023,2000,0,NÃO DISTINGUE (IC contém zero)
gliner_base-ft-conll2003__sinais,conll2003,S5,task_verdict,hidden_dist_centroide,absoluta,0.80,,,sim,0.0,,,,,,estados_ocultos,empirico,model_confidence,0.0,0.0,0.0,0.0,4079,2023,2000,0,NÃO DISTINGUE (IC contém zero)
gliner_base-ft-conll2003__sinais,conll2003,S5,task_verdict,hidden_dist_centroide,absoluta,0.90,,,sim,0.001,,,,,,estados_ocultos,empirico,model_confidence,0.0005,0.0005,0.0,0.0761,4079,2023,2000,0,NÃO DISTINGUE (IC contém zero)
gliner_base-ft-conll2003__sinais,conll2003,S5,task_verdict,hidden_dist_centroide,absoluta,0.95,,,sim,0.9998,,,,,,estados_ocultos,empirico,model_confidence,0.1429,0.8568,0.8151,0.8995,4079,2023,1183,817,hidden_dist_centroide EXIGE MAIS revisão
gliner_base-ft-conll2003__sinais,conll2003,S5,task_verdict,hidden_dist_centroide,vao,0.25,0.9186,,sim,0.264,,,,,,estados_ocultos,empirico,model_confidence,0.0294,0.2346,0.0591,0.9539,4079,2023,1945,55,hidden_dist_centroide EXIGE MAIS revisão
gliner_base-ft-conll2003__sinais,conll2003,S5,task_verdict,hidden_dist_centroide,vao,0.50,0.9457,,sim,0.9998,,,,,,estados_ocultos,empirico,model_confidence,0.1189,0.8809,0.8209,0.9166,4079,2023,1276,724,hidden_dist_centroide EXIGE MAIS revisão
gliner_base-ft-conll2003__sinais,conll2003,S5,task_verdict,hidden_dist_centroide,vao,0.75,0.9729,,não,0.9998,,,,,,estados_ocultos,empirico,model_confidence,inalcançável,,,,4079,2023,0,0,inalcançável para model_confidence
gliner_base-ft-conll2003__sinais,conll2003,S5,task_verdict,hidden_dist_centroide,vao,0.90,0.9891,,não,0.9998,,,,,,estados_ocultos,empirico,model_confidence,inalcançável,,,,4079,2023,0,0,inalcançável para model_confidence
gliner_base-ft-conll2003__sinais,conll2003,S6,task_verdict,hidden_delta_camadas,absoluta,0.70,,,sim,0.0,,,,,,estados_ocultos,empirico,model_confidence,0.0,0.0,0.0,0.0,4079,2023,2000,0,NÃO DISTINGUE (IC contém zero)
gliner_base-ft-conll2003__sinais,conll2003,S6,task_verdict,hidden_delta_camadas,absoluta,0.80,,,sim,0.0,,,,,,estados_ocultos,empirico,model_confidence,0.0,0.0,0.0,0.0,4079,2023,2000,0,NÃO DISTINGUE (IC contém zero)
gliner_base-ft-conll2003__sinais,conll2003,S6,task_verdict,hidden_delta_camadas,absoluta,0.90,,,sim,0.0017,,,,,,estados_ocultos,empirico,model_confidence,0.0005,0.0012,0.0,0.565,4079,2023,2000,0,NÃO DISTINGUE (IC contém zero)
gliner_base-ft-conll2003__sinais,conll2003,S6,task_verdict,hidden_delta_camadas,absoluta,0.95,,,não,inalcançável,,,,,,estados_ocultos,empirico,model_confidence,0.1429,,,,4079,2023,0,0,inalcançável para hidden_delta_camadas
gliner_base-ft-conll2003__sinais,conll2003,S6,task_verdict,hidden_delta_camadas,vao,0.25,0.9186,,sim,0.597,,,,,,estados_ocultos,empirico,model_confidence,0.0294,0.5675,0.4866,0.9259,4079,2023,1949,51,hidden_delta_camadas EXIGE MAIS revisão
gliner_base-ft-conll2003__sinais,conll2003,S6,task_verdict,hidden_delta_camadas,vao,0.50,0.9457,,não,inalcançável,,,,,,estados_ocultos,empirico,model_confidence,0.1189,,,,4079,2023,0,0,inalcançável para hidden_delta_camadas
gliner_base-ft-conll2003__sinais,conll2003,S6,task_verdict,hidden_delta_camadas,vao,0.75,0.9729,,não,inalcançável,,,,,,estados_ocultos,empirico,model_confidence,inalcançável,,,,4079,2023,0,0,inalcançável para hidden_delta_camadas e model_confidence
gliner_base-ft-conll2003__sinais,conll2003,S6,task_verdict,hidden_delta_camadas,vao,0.90,0.9891,,não,inalcançável,,,,,,estados_ocultos,empirico,model_confidence,inalcançável,,,,4079,2023,0,0,inalcançável para hidden_delta_camadas e model_confidence
gliner_base-ft-conll2003__sinais,conll2003,S7,task_verdict,logit_margin,absoluta,0.70,,,sim,0.0,,,,,,logits,empirico,model_confidence,0.0,0.0,0.0,0.0,4079,2023,2000,0,NÃO DISTINGUE (IC contém zero)
gliner_base-ft-conll2003__sinais,conll2003,S7,task_verdict,logit_margin,absoluta,0.80,,,sim,0.0,,,,,,logits,empirico,model_confidence,0.0,0.0,0.0,0.0,4079,2023,2000,0,NÃO DISTINGUE (IC contém zero)
gliner_base-ft-conll2003__sinais,conll2003,S7,task_verdict,logit_margin,absoluta,0.90,,,sim,0.0005,,,,,,logits,empirico,model_confidence,0.0005,0.0,-0.0012,0.0027,4079,2023,2000,0,NÃO DISTINGUE (IC contém zero)
gliner_base-ft-conll2003__sinais,conll2003,S7,task_verdict,logit_margin,absoluta,0.95,,,sim,0.1169,,,,,,logits,empirico,model_confidence,0.1429,-0.026,-0.0511,-0.0063,4079,2023,1841,159,logit_margin EXIGE MENOS revisão
gliner_base-ft-conll2003__sinais,conll2003,S7,task_verdict,logit_margin,vao,0.25,0.9186,,sim,0.0284,,,,,,logits,empirico,model_confidence,0.0294,-0.001,-0.0097,0.0024,4079,2023,2000,0,NÃO DISTINGUE (IC contém zero)
gliner_base-ft-conll2003__sinais,conll2003,S7,task_verdict,logit_margin,vao,0.50,0.9457,,sim,0.0995,,,,,,logits,empirico,model_confidence,0.1189,-0.0194,-0.0463,-0.0041,4079,2023,1991,9,logit_margin EXIGE MENOS revisão
gliner_base-ft-conll2003__sinais,conll2003,S7,task_verdict,logit_margin,vao,0.75,0.9729,,não,inalcançável,,,,,,logits,empirico,model_confidence,inalcançável,,,,4079,2023,0,0,inalcançável para logit_margin e model_confidence
gliner_base-ft-conll2003__sinais,conll2003,S7,task_verdict,logit_margin,vao,0.90,0.9891,,não,inalcançável,,,,,,logits,empirico,model_confidence,inalcançável,,,,4079,2023,0,0,inalcançável para logit_margin e model_confidence
gliner_base-ft-conll2003__sinais,conll2003,S8,task_verdict,logit_entropy,absoluta,0.70,,,sim,0.0,,,,,,logits,empirico,model_confidence,0.0,0.0,0.0,0.0,4079,2023,2000,0,NÃO DISTINGUE (IC contém zero)
gliner_base-ft-conll2003__sinais,conll2003,S8,task_verdict,logit_entropy,absoluta,0.80,,,sim,0.0,,,,,,logits,empirico,model_confidence,0.0,0.0,0.0,0.0,4079,2023,2000,0,NÃO DISTINGUE (IC contém zero)
gliner_base-ft-conll2003__sinais,conll2003,S8,task_verdict,logit_entropy,absoluta,0.90,,,sim,0.0005,,,,,,logits,empirico,model_confidence,0.0005,0.0,-0.0015,0.0023,4079,2023,2000,0,NÃO DISTINGUE (IC contém zero)
gliner_base-ft-conll2003__sinais,conll2003,S8,task_verdict,logit_entropy,absoluta,0.95,,,sim,0.1437,,,,,,logits,empirico,model_confidence,0.1429,0.0007,-0.0464,0.0404,4079,2023,1712,288,NÃO DISTINGUE (IC contém zero)
gliner_base-ft-conll2003__sinais,conll2003,S8,task_verdict,logit_entropy,vao,0.25,0.9186,,sim,0.0324,,,,,,logits,empirico,model_confidence,0.0294,0.0029,-0.0039,0.0096,4079,2023,2000,0,NÃO DISTINGUE (IC contém zero)
gliner_base-ft-conll2003__sinais,conll2003,S8,task_verdict,logit_entropy,vao,0.50,0.9457,,sim,0.1084,,,,,,logits,empirico,model_confidence,0.1189,-0.0105,-0.0386,0.0339,4079,2023,1972,28,NÃO DISTINGUE (IC contém zero)
gliner_base-ft-conll2003__sinais,conll2003,S8,task_verdict,logit_entropy,vao,0.75,0.9729,,não,inalcançável,,,,,,logits,empirico,model_confidence,inalcançável,,,,4079,2023,0,0,inalcançável para logit_entropy e model_confidence
gliner_base-ft-conll2003__sinais,conll2003,S8,task_verdict,logit_entropy,vao,0.90,0.9891,,não,inalcançável,,,,,,logits,empirico,model_confidence,inalcançável,,,,4079,2023,0,0,inalcançável para logit_entropy e model_confidence
gliner_base-ft-conll2003__sinais,conll2003,S9,task_verdict,logit_max,absoluta,0.70,,,sim,0.0,,,,,,logits,empirico,model_confidence,0.0,0.0,0.0,0.0,4079,2023,2000,0,NÃO DISTINGUE (IC contém zero)
gliner_base-ft-conll2003__sinais,conll2003,S9,task_verdict,logit_max,absoluta,0.80,,,sim,0.0,,,,,,logits,empirico,model_confidence,0.0,0.0,0.0,0.0,4079,2023,2000,0,NÃO DISTINGUE (IC contém zero)
gliner_base-ft-conll2003__sinais,conll2003,S9,task_verdict,logit_max,absoluta,0.90,,,sim,0.0005,,,,,,logits,empirico,model_confidence,0.0005,0.0,0.0,0.0,4079,2023,2000,0,NÃO DISTINGUE (IC contém zero)
gliner_base-ft-conll2003__sinais,conll2003,S9,task_verdict,logit_max,absoluta,0.95,,,sim,0.1429,,,,,,logits,empirico,model_confidence,0.1429,0.0,0.0,0.0,4079,2023,1841,159,NÃO DISTINGUE (IC contém zero)
gliner_base-ft-conll2003__sinais,conll2003,S9,task_verdict,logit_max,vao,0.25,0.9186,,sim,0.0294,,,,,,logits,empirico,model_confidence,0.0294,0.0,0.0,0.0,4079,2023,2000,0,NÃO DISTINGUE (IC contém zero)
gliner_base-ft-conll2003__sinais,conll2003,S9,task_verdict,logit_max,vao,0.50,0.9457,,sim,0.1189,,,,,,logits,empirico,model_confidence,0.1189,0.0,0.0,0.0,4079,2023,1991,9,NÃO DISTINGUE (IC contém zero)
gliner_base-ft-conll2003__sinais,conll2003,S9,task_verdict,logit_max,vao,0.75,0.9729,,não,inalcançável,,,,,,logits,empirico,model_confidence,inalcançável,,,,4079,2023,0,0,inalcançável para logit_max e model_confidence
gliner_base-ft-conll2003__sinais,conll2003,S9,task_verdict,logit_max,vao,0.90,0.9891,,não,inalcançável,,,,,,logits,empirico,model_confidence,inalcançável,,,,4079,2023,0,0,inalcançável para logit_max e model_confidence
