modelo,corpus,comparacao,tipo,particao,estrato,metrica,valor,escore,contra,aurc_contra,aurc_escore,delta,ci_low,ci_high,n_entidades,n_sentencas,n_degeneradas,veredito
gliner-large,bc5cdr,C1,descriptive,teste inteiro,todos,R2_massa_vs_fracao_geometrica,0.9623,,,,,,,,,,,
gliner-large,bc5cdr,C1,descriptive,teste inteiro,todos,mediana_observado_sobre_esperado,0.4572,,,,,,,,,,,
gliner-large,bc5cdr,C1,descriptive,teste inteiro,todos,n_entidades,11064.0,,,,,,,,,,,
gliner-large,bc5cdr,C1,descriptive,teste inteiro,k=1,R2_massa_vs_fracao_geometrica,0.8648,,,,,,,,,,,
gliner-large,bc5cdr,C1,descriptive,teste inteiro,k=1,mediana_observado_sobre_esperado,0.549,,,,,,,,,,,
gliner-large,bc5cdr,C1,descriptive,teste inteiro,k=1,n_entidades,3685.0,,,,,,,,,,,
gliner-large,bc5cdr,C1,descriptive,teste inteiro,k=2,R2_massa_vs_fracao_geometrica,0.9241,,,,,,,,,,,
gliner-large,bc5cdr,C1,descriptive,teste inteiro,k=2,mediana_observado_sobre_esperado,0.4438,,,,,,,,,,,
gliner-large,bc5cdr,C1,descriptive,teste inteiro,k=2,n_entidades,2793.0,,,,,,,,,,,
gliner-large,bc5cdr,C1,descriptive,teste inteiro,k=3-4,R2_massa_vs_fracao_geometrica,0.956,,,,,,,,,,,
gliner-large,bc5cdr,C1,descriptive,teste inteiro,k=3-4,mediana_observado_sobre_esperado,0.4248,,,,,,,,,,,
gliner-large,bc5cdr,C1,descriptive,teste inteiro,k=3-4,n_entidades,3587.0,,,,,,,,,,,
gliner-large,bc5cdr,C1,descriptive,teste inteiro,k>=5,R2_massa_vs_fracao_geometrica,0.9594,,,,,,,,,,,
gliner-large,bc5cdr,C1,descriptive,teste inteiro,k>=5,mediana_observado_sobre_esperado,0.4309,,,,,,,,,,,
gliner-large,bc5cdr,C1,descriptive,teste inteiro,k>=5,n_entidades,999.0,,,,,,,,,,,
gliner-large,bc5cdr,C2,verdict,avaliação,todos,,,span_mass,geometric_fraction,0.3695,0.3737,0.0042,0.0024,0.0061,7790.0,3028.0,0.0,PIOR que a base
gliner-large,bc5cdr,C2,verdict,avaliação,k=1,,,span_mass,geometric_fraction,0.2926,0.277,-0.0156,-0.0221,-0.0094,2559.0,1636.0,0.0,ACRESCENTA
gliner-large,bc5cdr,C2,verdict,avaliação,k=2,,,span_mass,geometric_fraction,0.4777,0.4834,0.0057,-0.0002,0.0121,1987.0,1436.0,0.0,NÃO ACRESCENTA (IC contém zero)
gliner-large,bc5cdr,C2,verdict,avaliação,k=3-4,,,span_mass,geometric_fraction,0.2947,0.3032,0.0085,0.0047,0.0125,2540.0,1704.0,0.0,PIOR que a base
gliner-large,bc5cdr,C2,verdict,avaliação,k>=5,,,span_mass,geometric_fraction,0.4921,0.5084,0.0164,0.0091,0.0242,704.0,589.0,0.0,PIOR que a base
gliner-large,bc5cdr,C2,verdict,avaliação,aninhado,,,,,,,,,,113.0,,,NÃO AVALIADO (estrato pequeno ou de perda constante)
gliner-large,bc5cdr,C2,verdict,avaliação,plano,,,span_mass,geometric_fraction,0.3615,0.3656,0.0041,0.0022,0.006,7677.0,3019.0,0.0,PIOR que a base
gliner-large,bc5cdr,C3,verdict,avaliação,todos,,,model_confidence+enrichment,model_confidence,0.1631,0.1635,0.0004,-0.0015,0.0024,7790.0,3028.0,0.0,NÃO ACRESCENTA (IC contém zero)
gliner-large,bc5cdr,C3,verdict,avaliação,k=1,,,model_confidence+enrichment,model_confidence,0.1408,0.1387,-0.0021,-0.0064,0.0019,2559.0,1636.0,0.0,NÃO ACRESCENTA (IC contém zero)
gliner-large,bc5cdr,C3,verdict,avaliação,k=2,,,model_confidence+enrichment,model_confidence,0.2702,0.2688,-0.0014,-0.0044,0.0016,1987.0,1436.0,0.0,NÃO ACRESCENTA (IC contém zero)
gliner-large,bc5cdr,C3,verdict,avaliação,k=3-4,,,model_confidence+enrichment,model_confidence,0.1118,0.1122,0.0004,-0.0012,0.002,2540.0,1704.0,0.0,NÃO ACRESCENTA (IC contém zero)
gliner-large,bc5cdr,C3,verdict,avaliação,k>=5,,,model_confidence+enrichment,model_confidence,0.2146,0.2169,0.0023,0.0003,0.005,704.0,589.0,0.0,PIOR que a base
gliner-large,bc5cdr,C3,verdict,avaliação,aninhado,,,,,,,,,,113.0,,,NÃO AVALIADO (estrato pequeno ou de perda constante)
gliner-large,bc5cdr,C3,verdict,avaliação,plano,,,model_confidence+enrichment,model_confidence,0.1577,0.158,0.0003,-0.0017,0.0024,7677.0,3019.0,0.0,NÃO ACRESCENTA (IC contém zero)
gliner-large,bc5cdr,T1,descriptive,teste inteiro,todos,R2_massa_vs_fracao_geometrica,0.9623,,,,,,,,,,,
gliner-large,bc5cdr,T1,descriptive,teste inteiro,todos,mediana_observado_sobre_esperado,0.4572,,,,,,,,,,,
gliner-large,bc5cdr,T1,descriptive,teste inteiro,todos,n_entidades,11064.0,,,,,,,,,,,
gliner-large,bc5cdr,T1,descriptive,teste inteiro,k=1,R2_massa_vs_fracao_geometrica,0.8648,,,,,,,,,,,
gliner-large,bc5cdr,T1,descriptive,teste inteiro,k=1,mediana_observado_sobre_esperado,0.549,,,,,,,,,,,
gliner-large,bc5cdr,T1,descriptive,teste inteiro,k=1,n_entidades,3685.0,,,,,,,,,,,
gliner-large,bc5cdr,T1,descriptive,teste inteiro,k=2,R2_massa_vs_fracao_geometrica,0.9241,,,,,,,,,,,
gliner-large,bc5cdr,T1,descriptive,teste inteiro,k=2,mediana_observado_sobre_esperado,0.4438,,,,,,,,,,,
gliner-large,bc5cdr,T1,descriptive,teste inteiro,k=2,n_entidades,2793.0,,,,,,,,,,,
gliner-large,bc5cdr,T1,descriptive,teste inteiro,k=3-4,R2_massa_vs_fracao_geometrica,0.956,,,,,,,,,,,
gliner-large,bc5cdr,T1,descriptive,teste inteiro,k=3-4,mediana_observado_sobre_esperado,0.4248,,,,,,,,,,,
gliner-large,bc5cdr,T1,descriptive,teste inteiro,k=3-4,n_entidades,3587.0,,,,,,,,,,,
gliner-large,bc5cdr,T1,descriptive,teste inteiro,k>=5,R2_massa_vs_fracao_geometrica,0.9594,,,,,,,,,,,
gliner-large,bc5cdr,T1,descriptive,teste inteiro,k>=5,mediana_observado_sobre_esperado,0.4309,,,,,,,,,,,
gliner-large,bc5cdr,T1,descriptive,teste inteiro,k>=5,n_entidades,999.0,,,,,,,,,,,
gliner-large,bc5cdr,escores,descriptive,avaliação,todos,aurc_acaso,0.3448,,,,,,,,,,,
gliner-large,bc5cdr,escores,descriptive,avaliação,todos,aurc_span_size,0.3723,,,,,,,,,,,NÃO melhor que o acaso
gliner-large,bc5cdr,escores,descriptive,avaliação,todos,aurc_geometric_fraction,0.3695,,,,,,,,,,,NÃO melhor que o acaso
gliner-large,bc5cdr,escores,descriptive,avaliação,todos,aurc_enrichment,0.3181,,,,,,,,,,,melhor que o acaso
gliner-large,bc5cdr,escores,descriptive,avaliação,todos,aurc_geometric_residual,0.3737,,,,,,,,,,,NÃO melhor que o acaso
gliner-large,bc5cdr,escores,descriptive,avaliação,todos,aurc_sentence_length,0.3302,,,,,,,,,,,melhor que o acaso
gliner-large,bc5cdr,escores,descriptive,avaliação,todos,aurc_span_mass,0.3737,,,,,,,,,,,NÃO melhor que o acaso
gliner-large,bc5cdr,escores,descriptive,avaliação,todos,aurc_model_confidence,0.1631,,,,,,,,,,,melhor que o acaso
gliner-large,bc5cdr,controle,descriptive,teste inteiro,todos,corr_span_size_vs_comprimento,0.0898,,,,,,,,,,,
gliner-large,bc5cdr,controle,descriptive,teste inteiro,todos,corr_geometric_fraction_vs_comprimento,-0.4511,,,,,,,,,,,
gliner-large,bc5cdr,controle,descriptive,teste inteiro,todos,corr_enrichment_vs_comprimento,0.2986,,,,,,,,,,,
gliner-large,bc5cdr,controle,descriptive,teste inteiro,todos,corr_geometric_residual_vs_comprimento,-0.052,,,,,,,,,,,
gliner-large,bc5cdr,controle,descriptive,teste inteiro,todos,corr_sentence_length_vs_comprimento,1.0,,,,,,,,,,,
gliner-large,bc5cdr,controle,descriptive,teste inteiro,todos,corr_span_mass_vs_comprimento,-0.4527,,,,,,,,,,,
gliner-large,bc5cdr,controle,descriptive,teste inteiro,todos,corr_model_confidence_vs_comprimento,-0.083,,,,,,,,,,,
