corpus,escore,fracao,n_sentencas_medio,n_entidades_medio,n_reps,violacao_media,violacao_mediana,violacao_p90,frac_monotona
conll2003,enrichment,0.05,156.0,425.03,200,0.16648323023594763,0.08333333333333331,0.5,0.0
conll2003,enrichment,0.1,312.0,849.33,200,0.1926294018178428,0.09999999999999998,0.5,0.0
conll2003,enrichment,0.15,467.0,1265.6933333333334,150,0.1826565214289565,0.08333333333333331,0.5,0.0
conll2003,enrichment,0.2,623.0,1701.8533333333332,150,0.2107759632313712,0.16666666666666663,0.5,0.0
conll2003,enrichment,0.3,934.0,2541.51,100,0.22520074112185268,0.16666666666666669,0.5,0.0
conll2003,enrichment,0.4,1246.0,3383.61,100,0.2802806115290235,0.25,0.5,0.0
conll2003,enrichment,0.5,1558.0,4231.1125,80,0.23537221006650358,0.16666666666666669,0.5,0.0
conll2003,enrichment,0.7,2180.0,5931.12,50,0.252,0.16666666666666669,0.5,0.0
conll2003,enrichment,0.9,2804.0,7621.066666666667,30,0.1722222222222222,0.16666666666666663,0.16666666666666669,0.0
conll2003,enrichment,1.0,3115.0,8469.0,1,0.16666666666666663,0.16666666666666663,0.16666666666666663,0.0
conll2003,model_confidence,0.05,156.0,424.745,200,0.009409776133249543,0.0029239766081871343,0.01785714285714285,0.0
conll2003,model_confidence,0.1,312.0,850.365,200,0.003929783244558825,0.002020849980265818,0.009090909090909094,0.0
conll2003,model_confidence,0.15,467.0,1275.3866666666668,150,0.0031775049254646067,0.0016428375672070464,0.0065045248868778145,0.0
conll2003,model_confidence,0.2,623.0,1690.22,150,0.002009266983811011,0.0013719629285965616,0.003722902204360003,0.0
conll2003,model_confidence,0.3,934.0,2542.92,100,0.0012657132051351726,0.0010610507493269798,0.0019762845849802396,0.0
conll2003,model_confidence,0.4,1246.0,3391.13,100,0.0009964463661097122,0.0009469696969696961,0.001422677738467218,0.0
conll2003,model_confidence,0.5,1558.0,4238.4375,80,0.000896685075764636,0.0008515453092862585,0.001151475132792508,0.0
conll2003,model_confidence,0.7,2180.0,5925.96,50,0.0007499562899305914,0.0007364337356643852,0.0008902092821815839,0.0
conll2003,model_confidence,0.9,2804.0,7621.666666666667,30,0.000717185952109022,0.0007005329410801481,0.000796522883622322,0.0
conll2003,model_confidence,1.0,3115.0,8469.0,1,0.0007235671674321598,0.0007235671674321598,0.0007235671674321598,0.0
conll2003,span_mass,0.05,156.0,425.98,200,0.2834284743034743,0.25,0.5,0.0
conll2003,span_mass,0.1,312.0,846.58,200,0.25742811355311357,0.25,0.5,0.0
conll2003,span_mass,0.15,467.0,1274.0266666666666,150,0.23286202686202684,0.19999999999999996,0.5,0.0
conll2003,span_mass,0.2,623.0,1692.5533333333333,150,0.22274867724867722,0.19999999999999996,0.33333333333333337,0.0
conll2003,span_mass,0.3,934.0,2540.15,100,0.18767697069012856,0.16666666666666663,0.33333333333333337,0.0
conll2003,span_mass,0.4,1246.0,3396.49,100,0.13778242998831233,0.125,0.19999999999999996,0.0
conll2003,span_mass,0.5,1558.0,4238.5375,80,0.11536449661449662,0.11111111111111116,0.14523809523809547,0.0
conll2003,span_mass,0.7,2180.0,5919.68,50,0.08696869796869794,0.08257575757575758,0.11111111111111116,0.0
conll2003,span_mass,0.9,2804.0,7636.366666666667,30,0.06993846839435074,0.07051282051282048,0.07575757575757569,0.0
conll2003,span_mass,1.0,3115.0,8469.0,1,0.06593406593406603,0.06593406593406603,0.06593406593406603,0.0
genia,enrichment,0.05,79.0,247.095,200,0.2523801329389565,0.19999999999999996,0.5,0.0
genia,enrichment,0.1,158.0,491.605,200,0.2876607697857698,0.25,0.5,0.0
genia,enrichment,0.15,237.0,735.8866666666667,150,0.26103218934488287,0.25,0.5,0.0
genia,enrichment,0.2,316.0,988.1266666666667,150,0.29174138715315184,0.25,0.5,0.0
genia,enrichment,0.3,475.0,1482.75,100,0.26384018759018757,0.25,0.5,0.0
genia,enrichment,0.4,633.0,1973.97,100,0.2750515873015873,0.25,0.5,0.0
genia,enrichment,0.5,791.0,2464.5625,80,0.23112103174603177,0.19999999999999996,0.33333333333333337,0.0
genia,enrichment,0.7,1107.0,3445.04,50,0.19375396825396823,0.16666666666666663,0.25,0.0
genia,enrichment,0.9,1424.0,4439.6,30,0.1533068783068783,0.15476190476190477,0.16666666666666663,0.0
genia,enrichment,1.0,1582.0,4932.0,1,0.1428571428571429,0.1428571428571429,0.1428571428571429,0.0
genia,model_confidence,0.05,79.0,245.67,200,0.09468728359808094,0.02777777777777779,0.5,0.0
genia,model_confidence,0.1,158.0,493.365,200,0.1221512059245123,0.023809523809523808,0.5,0.0
genia,model_confidence,0.15,237.0,738.56,150,0.10217659306183788,0.019047619047619035,0.5,0.0
genia,model_confidence,0.2,316.0,985.8533333333334,150,0.16198727607160884,0.023809523809523808,0.5,0.0
genia,model_confidence,0.3,475.0,1482.47,100,0.13250630502409094,0.030555555555555572,0.5,0.0
genia,model_confidence,0.4,633.0,1973.54,100,0.19450995676582356,0.16666666666666669,0.5,0.0
genia,model_confidence,0.5,791.0,2466.0375,80,0.134574385810525,0.08333333333333331,0.33333333333333337,0.0
genia,model_confidence,0.7,1107.0,3453.3,50,0.12008333333333333,0.08333333333333331,0.16666666666666669,0.0
genia,model_confidence,0.9,1424.0,4443.4,30,0.10166666666666666,0.08333333333333331,0.16666666666666669,0.0
genia,model_confidence,1.0,1582.0,4932.0,1,0.08333333333333331,0.08333333333333331,0.08333333333333331,0.0
genia,span_mass,0.05,79.0,248.725,200,0.19769035450357658,0.16666666666666666,0.5,0.0
genia,span_mass,0.1,158.0,490.895,200,0.2037803167764468,0.16666666666666663,0.5,0.0
genia,span_mass,0.15,237.0,738.42,150,0.18634089152306207,0.1166666666666667,0.5,0.0
genia,span_mass,0.2,316.0,984.94,150,0.1909398001354523,0.16666666666666663,0.5,0.0
genia,span_mass,0.3,475.0,1475.21,100,0.1941847888953152,0.16666666666666663,0.5,0.0
genia,span_mass,0.4,633.0,1974.51,100,0.17740689865689865,0.16666666666666666,0.5,0.0
genia,span_mass,0.5,791.0,2468.4,80,0.1387061403508772,0.08333333333333331,0.27500000000000213,0.0
genia,span_mass,0.7,1107.0,3447.08,50,0.1230887445887446,0.11666666666666667,0.16666666666666669,0.0
genia,span_mass,0.9,1424.0,4443.9,30,0.09888888888888887,0.08333333333333331,0.08333333333333331,0.0
genia,span_mass,1.0,1582.0,4932.0,1,0.08333333333333331,0.08333333333333331,0.08333333333333331,0.0
