arranjo,estatuto,corpus,comparacao,tipo,supervisor,grade,meta,meta_absoluta,vao_fechado,alcancavel,review_load,coverage,precision,recall,f1,n_delivered,contra,review_load_contra,delta,ci_low,ci_high,n_entidades,n_sentencas,n_reamostragens,n_degeneradas,veredito
gliner-large/genia,exploratorio,genia,T1,descriptive,(sem supervisor),—,—,,0.0,sim,0.0,1.0,0.5791,0.3948,0.4695,3754,,,,,,,,,,
gliner-large/genia,exploratorio,genia,T1,descriptive,span_size,absoluta,0.70,,,não,inalcançável,,,,,0,,,,,,,,,,
gliner-large/genia,exploratorio,genia,T1,descriptive,span_size,absoluta,0.80,,,não,inalcançável,,,,,0,,,,,,,,,,
gliner-large/genia,exploratorio,genia,T1,descriptive,span_size,absoluta,0.90,,,não,inalcançável,,,,,0,,,,,,,,,,
gliner-large/genia,exploratorio,genia,T1,descriptive,span_size,absoluta,0.95,,,não,inalcançável,,,,,0,,,,,,,,,,
gliner-large/genia,exploratorio,genia,T1,descriptive,span_size,vao,0.25,0.6806,,não,inalcançável,,,,,0,,,,,,,,,,
gliner-large/genia,exploratorio,genia,T1,descriptive,span_size,vao,0.50,0.7870,,não,inalcançável,,,,,0,,,,,,,,,,
gliner-large/genia,exploratorio,genia,T1,descriptive,span_size,vao,0.75,0.8935,,não,inalcançável,,,,,0,,,,,,,,,,
gliner-large/genia,exploratorio,genia,T1,descriptive,span_size,vao,0.90,0.9574,,não,inalcançável,,,,,0,,,,,,,,,,
gliner-large/genia,exploratorio,genia,T1,descriptive,geometric_fraction,absoluta,0.70,,,não,inalcançável,,,,,0,,,,,,,,,,
gliner-large/genia,exploratorio,genia,T1,descriptive,geometric_fraction,absoluta,0.80,,,não,inalcançável,,,,,0,,,,,,,,,,
gliner-large/genia,exploratorio,genia,T1,descriptive,geometric_fraction,absoluta,0.90,,,não,inalcançável,,,,,0,,,,,,,,,,
gliner-large/genia,exploratorio,genia,T1,descriptive,geometric_fraction,absoluta,0.95,,,não,inalcançável,,,,,0,,,,,,,,,,
gliner-large/genia,exploratorio,genia,T1,descriptive,geometric_fraction,vao,0.25,0.6806,,não,inalcançável,,,,,0,,,,,,,,,,
gliner-large/genia,exploratorio,genia,T1,descriptive,geometric_fraction,vao,0.50,0.7870,,não,inalcançável,,,,,0,,,,,,,,,,
gliner-large/genia,exploratorio,genia,T1,descriptive,geometric_fraction,vao,0.75,0.8935,,não,inalcançável,,,,,0,,,,,,,,,,
gliner-large/genia,exploratorio,genia,T1,descriptive,geometric_fraction,vao,0.90,0.9574,,não,inalcançável,,,,,0,,,,,,,,,,
gliner-large/genia,exploratorio,genia,T1,descriptive,enrichment,absoluta,0.70,,0.3212,sim,0.9981,0.0019,0.7143,0.0009,0.0018,7,,,,,,,,,,
gliner-large/genia,exploratorio,genia,T1,descriptive,enrichment,absoluta,0.80,,,não,inalcançável,,,,,0,,,,,,,,,,
gliner-large/genia,exploratorio,genia,T1,descriptive,enrichment,absoluta,0.90,,,não,inalcançável,,,,,0,,,,,,,,,,
gliner-large/genia,exploratorio,genia,T1,descriptive,enrichment,absoluta,0.95,,,não,inalcançável,,,,,0,,,,,,,,,,
gliner-large/genia,exploratorio,genia,T1,descriptive,enrichment,vao,0.25,0.6806,0.3212,sim,0.9981,0.0019,0.7143,0.0009,0.0018,7,,,,,,,,,,
gliner-large/genia,exploratorio,genia,T1,descriptive,enrichment,vao,0.50,0.7870,,não,inalcançável,,,,,0,,,,,,,,,,
gliner-large/genia,exploratorio,genia,T1,descriptive,enrichment,vao,0.75,0.8935,,não,inalcançável,,,,,0,,,,,,,,,,
gliner-large/genia,exploratorio,genia,T1,descriptive,enrichment,vao,0.90,0.9574,,não,inalcançável,,,,,0,,,,,,,,,,
gliner-large/genia,exploratorio,genia,T1,descriptive,geometric_residual,absoluta,0.70,,,não,inalcançável,,,,,0,,,,,,,,,,
gliner-large/genia,exploratorio,genia,T1,descriptive,geometric_residual,absoluta,0.80,,,não,inalcançável,,,,,0,,,,,,,,,,
gliner-large/genia,exploratorio,genia,T1,descriptive,geometric_residual,absoluta,0.90,,,não,inalcançável,,,,,0,,,,,,,,,,
gliner-large/genia,exploratorio,genia,T1,descriptive,geometric_residual,absoluta,0.95,,,não,inalcançável,,,,,0,,,,,,,,,,
gliner-large/genia,exploratorio,genia,T1,descriptive,geometric_residual,vao,0.25,0.6806,,não,inalcançável,,,,,0,,,,,,,,,,
gliner-large/genia,exploratorio,genia,T1,descriptive,geometric_residual,vao,0.50,0.7870,,não,inalcançável,,,,,0,,,,,,,,,,
gliner-large/genia,exploratorio,genia,T1,descriptive,geometric_residual,vao,0.75,0.8935,,não,inalcançável,,,,,0,,,,,,,,,,
gliner-large/genia,exploratorio,genia,T1,descriptive,geometric_residual,vao,0.90,0.9574,,não,inalcançável,,,,,0,,,,,,,,,,
gliner-large/genia,exploratorio,genia,T1,descriptive,sentence_length,absoluta,0.70,,,não,inalcançável,,,,,0,,,,,,,,,,
gliner-large/genia,exploratorio,genia,T1,descriptive,sentence_length,absoluta,0.80,,,não,inalcançável,,,,,0,,,,,,,,,,
gliner-large/genia,exploratorio,genia,T1,descriptive,sentence_length,absoluta,0.90,,,não,inalcançável,,,,,0,,,,,,,,,,
gliner-large/genia,exploratorio,genia,T1,descriptive,sentence_length,absoluta,0.95,,,não,inalcançável,,,,,0,,,,,,,,,,
gliner-large/genia,exploratorio,genia,T1,descriptive,sentence_length,vao,0.25,0.6806,,não,inalcançável,,,,,0,,,,,,,,,,
gliner-large/genia,exploratorio,genia,T1,descriptive,sentence_length,vao,0.50,0.7870,,não,inalcançável,,,,,0,,,,,,,,,,
gliner-large/genia,exploratorio,genia,T1,descriptive,sentence_length,vao,0.75,0.8935,,não,inalcançável,,,,,0,,,,,,,,,,
gliner-large/genia,exploratorio,genia,T1,descriptive,sentence_length,vao,0.90,0.9574,,não,inalcançável,,,,,0,,,,,,,,,,
gliner-large/genia,exploratorio,genia,T1,descriptive,span_mass,absoluta,0.70,,,não,inalcançável,,,,,0,,,,,,,,,,
gliner-large/genia,exploratorio,genia,T1,descriptive,span_mass,absoluta,0.80,,,não,inalcançável,,,,,0,,,,,,,,,,
gliner-large/genia,exploratorio,genia,T1,descriptive,span_mass,absoluta,0.90,,,não,inalcançável,,,,,0,,,,,,,,,,
gliner-large/genia,exploratorio,genia,T1,descriptive,span_mass,absoluta,0.95,,,não,inalcançável,,,,,0,,,,,,,,,,
gliner-large/genia,exploratorio,genia,T1,descriptive,span_mass,vao,0.25,0.6806,,não,inalcançável,,,,,0,,,,,,,,,,
gliner-large/genia,exploratorio,genia,T1,descriptive,span_mass,vao,0.50,0.7870,,não,inalcançável,,,,,0,,,,,,,,,,
gliner-large/genia,exploratorio,genia,T1,descriptive,span_mass,vao,0.75,0.8935,,não,inalcançável,,,,,0,,,,,,,,,,
gliner-large/genia,exploratorio,genia,T1,descriptive,span_mass,vao,0.90,0.9574,,não,inalcançável,,,,,0,,,,,,,,,,
gliner-large/genia,exploratorio,genia,T1,descriptive,model_confidence,absoluta,0.70,,0.2876,sim,0.451,0.549,0.7001,0.2621,0.3814,2061,,,,,,,,,,
gliner-large/genia,exploratorio,genia,T1,descriptive,model_confidence,absoluta,0.80,,0.5253,sim,0.756,0.244,0.8002,0.1331,0.2283,916,,,,,,,,,,
gliner-large/genia,exploratorio,genia,T1,descriptive,model_confidence,absoluta,0.90,,0.7642,sim,0.9651,0.0349,0.9008,0.0214,0.0419,131,,,,,,,,,,
gliner-large/genia,exploratorio,genia,T1,descriptive,model_confidence,absoluta,0.95,,1.0,sim,0.9979,0.0021,1.0,0.0015,0.0029,8,,,,,,,,,,
gliner-large/genia,exploratorio,genia,T1,descriptive,model_confidence,vao,0.25,0.6806,0.2413,sim,0.3652,0.6348,0.6807,0.2946,0.4112,2383,,,,,,,,,,
gliner-large/genia,exploratorio,genia,T1,descriptive,model_confidence,vao,0.50,0.7870,0.4951,sim,0.7355,0.2645,0.7875,0.142,0.2407,993,,,,,,,,,,
gliner-large/genia,exploratorio,genia,T1,descriptive,model_confidence,vao,0.75,0.8935,0.7507,sim,0.9568,0.0432,0.8951,0.0263,0.0512,162,,,,,,,,,,
gliner-large/genia,exploratorio,genia,T1,descriptive,model_confidence,vao,0.90,0.9574,1.0,sim,0.9979,0.0021,1.0,0.0015,0.0029,8,,,,,,,,,,
gliner-large/genia,exploratorio,genia,T2,task_verdict,span_mass,absoluta,0.70,,,não,inalcançável,,,,,,model_confidence,0.451,,,,3754,1205,0,0,inalcançável para span_mass
gliner-large/genia,exploratorio,genia,T2,task_verdict,span_mass,absoluta,0.80,,,não,inalcançável,,,,,,model_confidence,0.756,,,,3754,1205,0,0,inalcançável para span_mass
gliner-large/genia,exploratorio,genia,T2,task_verdict,span_mass,absoluta,0.90,,,não,inalcançável,,,,,,model_confidence,0.9651,,,,3754,1205,0,0,inalcançável para span_mass
gliner-large/genia,exploratorio,genia,T2,task_verdict,span_mass,absoluta,0.95,,,não,inalcançável,,,,,,model_confidence,0.9979,,,,3754,1205,0,0,inalcançável para span_mass
gliner-large/genia,exploratorio,genia,T2,task_verdict,span_mass,vao,0.25,0.6806,,não,inalcançável,,,,,,model_confidence,0.3652,,,,3754,1205,0,0,inalcançável para span_mass
gliner-large/genia,exploratorio,genia,T2,task_verdict,span_mass,vao,0.50,0.7870,,não,inalcançável,,,,,,model_confidence,0.7355,,,,3754,1205,0,0,inalcançável para span_mass
gliner-large/genia,exploratorio,genia,T2,task_verdict,span_mass,vao,0.75,0.8935,,não,inalcançável,,,,,,model_confidence,0.9568,,,,3754,1205,0,0,inalcançável para span_mass
gliner-large/genia,exploratorio,genia,T2,task_verdict,span_mass,vao,0.90,0.9574,,não,inalcançável,,,,,,model_confidence,0.9979,,,,3754,1205,0,0,inalcançável para span_mass
gliner-large/genia,exploratorio,genia,T3,task_verdict,enrichment,absoluta,0.70,,,sim,0.9981,,,,,,model_confidence,0.451,0.5471,0.4427,0.6487,3754,1205,1423,577,enrichment EXIGE MAIS revisão
gliner-large/genia,exploratorio,genia,T3,task_verdict,enrichment,absoluta,0.80,,,não,inalcançável,,,,,,model_confidence,0.756,,,,3754,1205,0,0,inalcançável para enrichment
gliner-large/genia,exploratorio,genia,T3,task_verdict,enrichment,absoluta,0.90,,,não,inalcançável,,,,,,model_confidence,0.9651,,,,3754,1205,0,0,inalcançável para enrichment
gliner-large/genia,exploratorio,genia,T3,task_verdict,enrichment,absoluta,0.95,,,não,inalcançável,,,,,,model_confidence,0.9979,,,,3754,1205,0,0,inalcançável para enrichment
gliner-large/genia,exploratorio,genia,T3,task_verdict,enrichment,vao,0.25,0.6806,,sim,0.9981,,,,,,model_confidence,0.3652,0.6329,0.5218,0.7203,3754,1205,1459,541,enrichment EXIGE MAIS revisão
gliner-large/genia,exploratorio,genia,T3,task_verdict,enrichment,vao,0.50,0.7870,,não,inalcançável,,,,,,model_confidence,0.7355,,,,3754,1205,0,0,inalcançável para enrichment
gliner-large/genia,exploratorio,genia,T3,task_verdict,enrichment,vao,0.75,0.8935,,não,inalcançável,,,,,,model_confidence,0.9568,,,,3754,1205,0,0,inalcançável para enrichment
gliner-large/genia,exploratorio,genia,T3,task_verdict,enrichment,vao,0.90,0.9574,,não,inalcançável,,,,,,model_confidence,0.9979,,,,3754,1205,0,0,inalcançável para enrichment
gliner-large/genia,exploratorio,genia,T4,task_verdict,model_confidence+enrichment,absoluta,0.70,,,sim,0.4592,,,,,,model_confidence,0.451,0.0083,-0.0138,0.0185,3754,1205,2000,0,NÃO DISTINGUE (IC contém zero)
gliner-large/genia,exploratorio,genia,T4,task_verdict,model_confidence+enrichment,absoluta,0.80,,,sim,0.8482,,,,,,model_confidence,0.756,0.0922,-0.008,0.1278,3754,1205,2000,0,NÃO DISTINGUE (IC contém zero)
gliner-large/genia,exploratorio,genia,T4,task_verdict,model_confidence+enrichment,absoluta,0.90,,,sim,0.9992,,,,,,model_confidence,0.9651,0.0341,-0.0354,0.0809,3754,1205,1962,38,NÃO DISTINGUE (IC contém zero)
gliner-large/genia,exploratorio,genia,T4,task_verdict,model_confidence+enrichment,absoluta,0.95,,,sim,0.9992,,,,,,model_confidence,0.9979,0.0013,-0.0042,0.0359,3754,1205,1935,65,NÃO DISTINGUE (IC contém zero)
gliner-large/genia,exploratorio,genia,T4,task_verdict,model_confidence+enrichment,vao,0.25,0.6806,,sim,0.3657,,,,,,model_confidence,0.3652,0.0005,-0.0104,0.0156,3754,1205,2000,0,NÃO DISTINGUE (IC contém zero)
gliner-large/genia,exploratorio,genia,T4,task_verdict,model_confidence+enrichment,vao,0.50,0.7870,,sim,0.7869,,,,,,model_confidence,0.7355,0.0514,-0.0129,0.1204,3754,1205,2000,0,NÃO DISTINGUE (IC contém zero)
gliner-large/genia,exploratorio,genia,T4,task_verdict,model_confidence+enrichment,vao,0.75,0.8935,,sim,0.9992,,,,,,model_confidence,0.9568,0.0424,-0.0367,0.0884,3754,1205,1967,33,NÃO DISTINGUE (IC contém zero)
gliner-large/genia,exploratorio,genia,T4,task_verdict,model_confidence+enrichment,vao,0.90,0.9574,,sim,0.9992,,,,,,model_confidence,0.9979,0.0013,-0.0032,0.0268,3754,1205,1932,68,NÃO DISTINGUE (IC contém zero)
gliner-large/conll2003,exploratorio,conll2003,T1,descriptive,(sem supervisor),—,—,,0.0,sim,0.0,1.0,0.5323,0.4805,0.5051,5099,,,,,,,,,,
gliner-large/conll2003,exploratorio,conll2003,T1,descriptive,span_size,absoluta,0.70,,,não,inalcançável,,,,,0,,,,,,,,,,
gliner-large/conll2003,exploratorio,conll2003,T1,descriptive,span_size,absoluta,0.80,,,não,inalcançável,,,,,0,,,,,,,,,,
gliner-large/conll2003,exploratorio,conll2003,T1,descriptive,span_size,absoluta,0.90,,,não,inalcançável,,,,,0,,,,,,,,,,
gliner-large/conll2003,exploratorio,conll2003,T1,descriptive,span_size,absoluta,0.95,,,não,inalcançável,,,,,0,,,,,,,,,,
gliner-large/conll2003,exploratorio,conll2003,T1,descriptive,span_size,vao,0.25,0.6517,0.2839,sim,0.8788,0.1212,0.665,0.0728,0.1312,618,,,,,,,,,,
gliner-large/conll2003,exploratorio,conll2003,T1,descriptive,span_size,vao,0.50,0.7678,,não,inalcançável,,,,,0,,,,,,,,,,
gliner-large/conll2003,exploratorio,conll2003,T1,descriptive,span_size,vao,0.75,0.8839,,não,inalcançável,,,,,0,,,,,,,,,,
gliner-large/conll2003,exploratorio,conll2003,T1,descriptive,span_size,vao,0.90,0.9536,,não,inalcançável,,,,,0,,,,,,,,,,
gliner-large/conll2003,exploratorio,conll2003,T1,descriptive,geometric_fraction,absoluta,0.70,,0.5724,sim,0.999,0.001,0.8,0.0007,0.0014,5,,,,,,,,,,
gliner-large/conll2003,exploratorio,conll2003,T1,descriptive,geometric_fraction,absoluta,0.80,,0.5724,sim,0.999,0.001,0.8,0.0007,0.0014,5,,,,,,,,,,
gliner-large/conll2003,exploratorio,conll2003,T1,descriptive,geometric_fraction,absoluta,0.90,,,não,inalcançável,,,,,0,,,,,,,,,,
gliner-large/conll2003,exploratorio,conll2003,T1,descriptive,geometric_fraction,absoluta,0.95,,,não,inalcançável,,,,,0,,,,,,,,,,
gliner-large/conll2003,exploratorio,conll2003,T1,descriptive,geometric_fraction,vao,0.25,0.6517,0.5724,sim,0.999,0.001,0.8,0.0007,0.0014,5,,,,,,,,,,
gliner-large/conll2003,exploratorio,conll2003,T1,descriptive,geometric_fraction,vao,0.50,0.7678,0.5724,sim,0.999,0.001,0.8,0.0007,0.0014,5,,,,,,,,,,
gliner-large/conll2003,exploratorio,conll2003,T1,descriptive,geometric_fraction,vao,0.75,0.8839,,não,inalcançável,,,,,0,,,,,,,,,,
gliner-large/conll2003,exploratorio,conll2003,T1,descriptive,geometric_fraction,vao,0.90,0.9536,,não,inalcançável,,,,,0,,,,,,,,,,
gliner-large/conll2003,exploratorio,conll2003,T1,descriptive,enrichment,absoluta,0.70,,0.3586,sim,0.9196,0.0804,0.7,0.0508,0.0948,410,,,,,,,,,,
gliner-large/conll2003,exploratorio,conll2003,T1,descriptive,enrichment,absoluta,0.80,,0.5764,sim,0.9584,0.0416,0.8019,0.0301,0.058,212,,,,,,,,,,
gliner-large/conll2003,exploratorio,conll2003,T1,descriptive,enrichment,absoluta,0.90,,0.8011,sim,0.9916,0.0084,0.907,0.0069,0.0137,43,,,,,,,,,,
gliner-large/conll2003,exploratorio,conll2003,T1,descriptive,enrichment,absoluta,0.95,,0.9208,sim,0.9947,0.0053,0.963,0.0046,0.0092,27,,,,,,,,,,
gliner-large/conll2003,exploratorio,conll2003,T1,descriptive,enrichment,vao,0.25,0.6517,0.2556,sim,0.8812,0.1188,0.6518,0.0699,0.1263,606,,,,,,,,,,
gliner-large/conll2003,exploratorio,conll2003,T1,descriptive,enrichment,vao,0.50,0.7678,0.506,sim,0.9482,0.0518,0.7689,0.0359,0.0687,264,,,,,,,,,,
gliner-large/conll2003,exploratorio,conll2003,T1,descriptive,enrichment,vao,0.75,0.8839,0.7676,sim,0.991,0.009,0.8913,0.0073,0.0144,46,,,,,,,,,,
gliner-large/conll2003,exploratorio,conll2003,T1,descriptive,enrichment,vao,0.90,0.9536,0.9208,sim,0.9947,0.0053,0.963,0.0046,0.0092,27,,,,,,,,,,
gliner-large/conll2003,exploratorio,conll2003,T1,descriptive,geometric_residual,absoluta,0.70,,0.4655,sim,0.9992,0.0008,0.75,0.0005,0.0011,4,,,,,,,,,,
gliner-large/conll2003,exploratorio,conll2003,T1,descriptive,geometric_residual,absoluta,0.80,,1.0,sim,0.9994,0.0006,1.0,0.0005,0.0011,3,,,,,,,,,,
gliner-large/conll2003,exploratorio,conll2003,T1,descriptive,geometric_residual,absoluta,0.90,,1.0,sim,0.9994,0.0006,1.0,0.0005,0.0011,3,,,,,,,,,,
gliner-large/conll2003,exploratorio,conll2003,T1,descriptive,geometric_residual,absoluta,0.95,,1.0,sim,0.9994,0.0006,1.0,0.0005,0.0011,3,,,,,,,,,,
gliner-large/conll2003,exploratorio,conll2003,T1,descriptive,geometric_residual,vao,0.25,0.6517,0.4655,sim,0.9992,0.0008,0.75,0.0005,0.0011,4,,,,,,,,,,
gliner-large/conll2003,exploratorio,conll2003,T1,descriptive,geometric_residual,vao,0.50,0.7678,1.0,sim,0.9994,0.0006,1.0,0.0005,0.0011,3,,,,,,,,,,
gliner-large/conll2003,exploratorio,conll2003,T1,descriptive,geometric_residual,vao,0.75,0.8839,1.0,sim,0.9994,0.0006,1.0,0.0005,0.0011,3,,,,,,,,,,
gliner-large/conll2003,exploratorio,conll2003,T1,descriptive,geometric_residual,vao,0.90,0.9536,1.0,sim,0.9994,0.0006,1.0,0.0005,0.0011,3,,,,,,,,,,
gliner-large/conll2003,exploratorio,conll2003,T1,descriptive,sentence_length,absoluta,0.70,,0.3615,sim,0.9416,0.0584,0.7013,0.037,0.0703,298,,,,,,,,,,
gliner-large/conll2003,exploratorio,conll2003,T1,descriptive,sentence_length,absoluta,0.80,,0.5724,sim,0.9725,0.0275,0.8,0.0198,0.0387,140,,,,,,,,,,
gliner-large/conll2003,exploratorio,conll2003,T1,descriptive,sentence_length,absoluta,0.90,,0.7862,sim,0.9823,0.0177,0.9,0.0143,0.0282,90,,,,,,,,,,
gliner-large/conll2003,exploratorio,conll2003,T1,descriptive,sentence_length,absoluta,0.95,,1.0,sim,0.9865,0.0135,1.0,0.0122,0.0241,69,,,,,,,,,,
gliner-large/conll2003,exploratorio,conll2003,T1,descriptive,sentence_length,vao,0.25,0.6517,0.2886,sim,0.8868,0.1132,0.6672,0.0682,0.1237,577,,,,,,,,,,
gliner-large/conll2003,exploratorio,conll2003,T1,descriptive,sentence_length,vao,0.50,0.7678,0.5492,sim,0.9674,0.0326,0.7892,0.0232,0.0451,166,,,,,,,,,,
gliner-large/conll2003,exploratorio,conll2003,T1,descriptive,sentence_length,vao,0.75,0.8839,0.7862,sim,0.9823,0.0177,0.9,0.0143,0.0282,90,,,,,,,,,,
gliner-large/conll2003,exploratorio,conll2003,T1,descriptive,sentence_length,vao,0.90,0.9536,1.0,sim,0.9865,0.0135,1.0,0.0122,0.0241,69,,,,,,,,,,
gliner-large/conll2003,exploratorio,conll2003,T1,descriptive,span_mass,absoluta,0.70,,0.4655,sim,0.9992,0.0008,0.75,0.0005,0.0011,4,,,,,,,,,,
gliner-large/conll2003,exploratorio,conll2003,T1,descriptive,span_mass,absoluta,0.80,,1.0,sim,0.9994,0.0006,1.0,0.0005,0.0011,3,,,,,,,,,,
gliner-large/conll2003,exploratorio,conll2003,T1,descriptive,span_mass,absoluta,0.90,,1.0,sim,0.9994,0.0006,1.0,0.0005,0.0011,3,,,,,,,,,,
gliner-large/conll2003,exploratorio,conll2003,T1,descriptive,span_mass,absoluta,0.95,,1.0,sim,0.9994,0.0006,1.0,0.0005,0.0011,3,,,,,,,,,,
gliner-large/conll2003,exploratorio,conll2003,T1,descriptive,span_mass,vao,0.25,0.6517,0.2874,sim,0.9988,0.0012,0.6667,0.0007,0.0014,6,,,,,,,,,,
gliner-large/conll2003,exploratorio,conll2003,T1,descriptive,span_mass,vao,0.50,0.7678,1.0,sim,0.9994,0.0006,1.0,0.0005,0.0011,3,,,,,,,,,,
gliner-large/conll2003,exploratorio,conll2003,T1,descriptive,span_mass,vao,0.75,0.8839,1.0,sim,0.9994,0.0006,1.0,0.0005,0.0011,3,,,,,,,,,,
gliner-large/conll2003,exploratorio,conll2003,T1,descriptive,span_mass,vao,0.90,0.9536,1.0,sim,0.9994,0.0006,1.0,0.0005,0.0011,3,,,,,,,,,,
gliner-large/conll2003,exploratorio,conll2003,T1,descriptive,model_confidence,absoluta,0.70,,0.359,sim,0.323,0.677,0.7002,0.4279,0.5312,3452,,,,,,,,,,
gliner-large/conll2003,exploratorio,conll2003,T1,descriptive,model_confidence,absoluta,0.80,,0.5724,sim,0.5607,0.4393,0.8,0.3173,0.4544,2240,,,,,,,,,,
gliner-large/conll2003,exploratorio,conll2003,T1,descriptive,model_confidence,absoluta,0.90,,0.7871,sim,0.7715,0.2285,0.9004,0.1857,0.3079,1165,,,,,,,,,,
gliner-large/conll2003,exploratorio,conll2003,T1,descriptive,model_confidence,absoluta,0.95,,0.907,sim,0.991,0.009,0.9565,0.0078,0.0155,46,,,,,,,,,,
gliner-large/conll2003,exploratorio,conll2003,T1,descriptive,model_confidence,vao,0.25,0.6517,0.2555,sim,0.2267,0.7733,0.6518,0.455,0.5359,3943,,,,,,,,,,
gliner-large/conll2003,exploratorio,conll2003,T1,descriptive,model_confidence,vao,0.50,0.7678,0.5036,sim,0.4848,0.5152,0.7678,0.3571,0.4875,2627,,,,,,,,,,
gliner-large/conll2003,exploratorio,conll2003,T1,descriptive,model_confidence,vao,0.75,0.8839,0.7523,sim,0.7343,0.2657,0.8841,0.2121,0.3421,1355,,,,,,,,,,
gliner-large/conll2003,exploratorio,conll2003,T1,descriptive,model_confidence,vao,0.90,0.9536,0.907,sim,0.991,0.009,0.9565,0.0078,0.0155,46,,,,,,,,,,
gliner-large/conll2003,exploratorio,conll2003,T2,task_verdict,span_mass,absoluta,0.70,,,sim,0.9992,,,,,,model_confidence,0.323,0.6762,0.6255,0.7285,5099,2223,1917,83,span_mass EXIGE MAIS revisão
gliner-large/conll2003,exploratorio,conll2003,T2,task_verdict,span_mass,absoluta,0.80,,,sim,0.9994,,,,,,model_confidence,0.5607,0.4387,0.3939,0.4806,5099,2223,1912,88,span_mass EXIGE MAIS revisão
gliner-large/conll2003,exploratorio,conll2003,T2,task_verdict,span_mass,absoluta,0.90,,,sim,0.9994,,,,,,model_confidence,0.7715,0.2279,0.1733,0.2744,5099,2223,1912,88,span_mass EXIGE MAIS revisão
gliner-large/conll2003,exploratorio,conll2003,T2,task_verdict,span_mass,absoluta,0.95,,,sim,0.9994,,,,,,model_confidence,0.991,0.0084,0.0035,0.1167,5099,2223,1912,88,span_mass EXIGE MAIS revisão
gliner-large/conll2003,exploratorio,conll2003,T2,task_verdict,span_mass,vao,0.25,0.6517,,sim,0.9988,,,,,,model_confidence,0.2267,0.7721,0.7327,0.8155,5099,2223,1925,75,span_mass EXIGE MAIS revisão
gliner-large/conll2003,exploratorio,conll2003,T2,task_verdict,span_mass,vao,0.50,0.7678,,sim,0.9994,,,,,,model_confidence,0.4848,0.5146,0.4548,0.5687,5099,2223,1912,88,span_mass EXIGE MAIS revisão
gliner-large/conll2003,exploratorio,conll2003,T2,task_verdict,span_mass,vao,0.75,0.8839,,sim,0.9994,,,,,,model_confidence,0.7343,0.2652,0.2203,0.3042,5099,2223,1912,88,span_mass EXIGE MAIS revisão
gliner-large/conll2003,exploratorio,conll2003,T2,task_verdict,span_mass,vao,0.90,0.9536,,sim,0.9994,,,,,,model_confidence,0.991,0.0084,0.0035,0.104,5099,2223,1912,88,span_mass EXIGE MAIS revisão
gliner-large/conll2003,exploratorio,conll2003,T3,task_verdict,enrichment,absoluta,0.70,,,sim,0.9196,,,,,,model_confidence,0.323,0.5966,0.5476,0.6441,5099,2223,2000,0,enrichment EXIGE MAIS revisão
gliner-large/conll2003,exploratorio,conll2003,T3,task_verdict,enrichment,absoluta,0.80,,,sim,0.9584,,,,,,model_confidence,0.5607,0.3977,0.3514,0.4392,5099,2223,2000,0,enrichment EXIGE MAIS revisão
gliner-large/conll2003,exploratorio,conll2003,T3,task_verdict,enrichment,absoluta,0.90,,,sim,0.9916,,,,,,model_confidence,0.7715,0.22,0.1612,0.2662,5099,2223,2000,0,enrichment EXIGE MAIS revisão
gliner-large/conll2003,exploratorio,conll2003,T3,task_verdict,enrichment,absoluta,0.95,,,sim,0.9947,,,,,,model_confidence,0.991,0.0037,-0.0037,0.1109,5099,2223,2000,0,NÃO DISTINGUE (IC contém zero)
gliner-large/conll2003,exploratorio,conll2003,T3,task_verdict,enrichment,vao,0.25,0.6517,,sim,0.8812,,,,,,model_confidence,0.2267,0.6544,0.6188,0.6986,5099,2223,2000,0,enrichment EXIGE MAIS revisão
gliner-large/conll2003,exploratorio,conll2003,T3,task_verdict,enrichment,vao,0.50,0.7678,,sim,0.9482,,,,,,model_confidence,0.4848,0.4634,0.4024,0.5145,5099,2223,2000,0,enrichment EXIGE MAIS revisão
gliner-large/conll2003,exploratorio,conll2003,T3,task_verdict,enrichment,vao,0.75,0.8839,,sim,0.991,,,,,,model_confidence,0.7343,0.2567,0.2035,0.2942,5099,2223,2000,0,enrichment EXIGE MAIS revisão
gliner-large/conll2003,exploratorio,conll2003,T3,task_verdict,enrichment,vao,0.90,0.9536,,sim,0.9947,,,,,,model_confidence,0.991,0.0037,-0.0039,0.0978,5099,2223,2000,0,NÃO DISTINGUE (IC contém zero)
gliner-large/conll2003,exploratorio,conll2003,T4,task_verdict,model_confidence+enrichment,absoluta,0.70,,,sim,0.325,,,,,,model_confidence,0.323,0.002,-0.0037,0.0051,5099,2223,2000,0,NÃO DISTINGUE (IC contém zero)
gliner-large/conll2003,exploratorio,conll2003,T4,task_verdict,model_confidence+enrichment,absoluta,0.80,,,sim,0.5485,,,,,,model_confidence,0.5607,-0.0122,-0.0275,0.0006,5099,2223,2000,0,NÃO DISTINGUE (IC contém zero)
gliner-large/conll2003,exploratorio,conll2003,T4,task_verdict,model_confidence+enrichment,absoluta,0.90,,,sim,0.7909,,,,,,model_confidence,0.7715,0.0194,-0.0232,0.1209,5099,2223,2000,0,NÃO DISTINGUE (IC contém zero)
gliner-large/conll2003,exploratorio,conll2003,T4,task_verdict,model_confidence+enrichment,absoluta,0.95,,,sim,0.9747,,,,,,model_confidence,0.991,-0.0163,-0.0523,0.0755,5099,2223,2000,0,NÃO DISTINGUE (IC contém zero)
gliner-large/conll2003,exploratorio,conll2003,T4,task_verdict,model_confidence+enrichment,vao,0.25,0.6517,,sim,0.2261,,,,,,model_confidence,0.2267,-0.0006,-0.002,0.0022,5099,2223,2000,0,NÃO DISTINGUE (IC contém zero)
gliner-large/conll2003,exploratorio,conll2003,T4,task_verdict,model_confidence+enrichment,vao,0.50,0.7678,,sim,0.4848,,,,,,model_confidence,0.4848,0.0,-0.022,0.007,5099,2223,2000,0,NÃO DISTINGUE (IC contém zero)
gliner-large/conll2003,exploratorio,conll2003,T4,task_verdict,model_confidence+enrichment,vao,0.75,0.8839,,sim,0.7225,,,,,,model_confidence,0.7343,-0.0118,-0.0367,0.0526,5099,2223,2000,0,NÃO DISTINGUE (IC contém zero)
gliner-large/conll2003,exploratorio,conll2003,T4,task_verdict,model_confidence+enrichment,vao,0.90,0.9536,,sim,0.9755,,,,,,model_confidence,0.991,-0.0155,-0.0476,0.0637,5099,2223,2000,0,NÃO DISTINGUE (IC contém zero)
ajustado/genia,exploratorio,genia,T1,descriptive,(sem supervisor),—,—,,0.0,sim,0.0,1.0,0.7582,0.5074,0.608,3685,,,,,,,,,,
ajustado/genia,exploratorio,genia,T1,descriptive,span_size,absoluta,0.70,,0.0,sim,0.0,1.0,0.7582,0.5074,0.608,3685,,,,,,,,,,
ajustado/genia,exploratorio,genia,T1,descriptive,span_size,absoluta,0.80,,,não,inalcançável,,,,,0,,,,,,,,,,
ajustado/genia,exploratorio,genia,T1,descriptive,span_size,absoluta,0.90,,,não,inalcançável,,,,,0,,,,,,,,,,
ajustado/genia,exploratorio,genia,T1,descriptive,span_size,absoluta,0.95,,,não,inalcançável,,,,,0,,,,,,,,,,
ajustado/genia,exploratorio,genia,T1,descriptive,span_size,vao,0.25,0.8086,,não,inalcançável,,,,,0,,,,,,,,,,
ajustado/genia,exploratorio,genia,T1,descriptive,span_size,vao,0.50,0.8724,,não,inalcançável,,,,,0,,,,,,,,,,
ajustado/genia,exploratorio,genia,T1,descriptive,span_size,vao,0.75,0.9362,,não,inalcançável,,,,,0,,,,,,,,,,
ajustado/genia,exploratorio,genia,T1,descriptive,span_size,vao,0.90,0.9745,,não,inalcançável,,,,,0,,,,,,,,,,
ajustado/genia,exploratorio,genia,T1,descriptive,geometric_fraction,absoluta,0.70,,0.0,sim,0.0,1.0,0.7582,0.5074,0.608,3685,,,,,,,,,,
ajustado/genia,exploratorio,genia,T1,descriptive,geometric_fraction,absoluta,0.80,,0.1899,sim,0.9737,0.0263,0.8041,0.0142,0.0278,97,,,,,,,,,,
ajustado/genia,exploratorio,genia,T1,descriptive,geometric_fraction,absoluta,0.90,,1.0,sim,0.9997,0.0003,1.0,0.0002,0.0004,1,,,,,,,,,,
ajustado/genia,exploratorio,genia,T1,descriptive,geometric_fraction,absoluta,0.95,,1.0,sim,0.9997,0.0003,1.0,0.0002,0.0004,1,,,,,,,,,,
ajustado/genia,exploratorio,genia,T1,descriptive,geometric_fraction,vao,0.25,0.8086,0.2164,sim,0.9742,0.0258,0.8105,0.014,0.0275,95,,,,,,,,,,
ajustado/genia,exploratorio,genia,T1,descriptive,geometric_fraction,vao,0.50,0.8724,1.0,sim,0.9997,0.0003,1.0,0.0002,0.0004,1,,,,,,,,,,
ajustado/genia,exploratorio,genia,T1,descriptive,geometric_fraction,vao,0.75,0.9362,1.0,sim,0.9997,0.0003,1.0,0.0002,0.0004,1,,,,,,,,,,
ajustado/genia,exploratorio,genia,T1,descriptive,geometric_fraction,vao,0.90,0.9745,1.0,sim,0.9997,0.0003,1.0,0.0002,0.0004,1,,,,,,,,,,
ajustado/genia,exploratorio,genia,T1,descriptive,enrichment,absoluta,0.70,,0.0,sim,0.0,1.0,0.7582,0.5074,0.608,3685,,,,,,,,,,
ajustado/genia,exploratorio,genia,T1,descriptive,enrichment,absoluta,0.80,,0.1728,sim,0.9756,0.0244,0.8,0.0131,0.0257,90,,,,,,,,,,
ajustado/genia,exploratorio,genia,T1,descriptive,enrichment,absoluta,0.90,,0.624,sim,0.997,0.003,0.9091,0.0018,0.0036,11,,,,,,,,,,
ajustado/genia,exploratorio,genia,T1,descriptive,enrichment,absoluta,0.95,,1.0,sim,0.9981,0.0019,1.0,0.0013,0.0025,7,,,,,,,,,,
ajustado/genia,exploratorio,genia,T1,descriptive,enrichment,vao,0.25,0.8086,0.3107,sim,0.9967,0.0033,0.8333,0.0018,0.0036,12,,,,,,,,,,
ajustado/genia,exploratorio,genia,T1,descriptive,enrichment,vao,0.50,0.8724,0.624,sim,0.997,0.003,0.9091,0.0018,0.0036,11,,,,,,,,,,
ajustado/genia,exploratorio,genia,T1,descriptive,enrichment,vao,0.75,0.9362,1.0,sim,0.9981,0.0019,1.0,0.0013,0.0025,7,,,,,,,,,,
ajustado/genia,exploratorio,genia,T1,descriptive,enrichment,vao,0.90,0.9745,1.0,sim,0.9981,0.0019,1.0,0.0013,0.0025,7,,,,,,,,,,
ajustado/genia,exploratorio,genia,T1,descriptive,geometric_residual,absoluta,0.70,,0.0,sim,0.0,1.0,0.7582,0.5074,0.608,3685,,,,,,,,,,
ajustado/genia,exploratorio,genia,T1,descriptive,geometric_residual,absoluta,0.80,,0.1728,sim,0.9742,0.0258,0.8,0.0138,0.0271,95,,,,,,,,,,
ajustado/genia,exploratorio,genia,T1,descriptive,geometric_residual,absoluta,0.90,,0.624,sim,0.997,0.003,0.9091,0.0018,0.0036,11,,,,,,,,,,
ajustado/genia,exploratorio,genia,T1,descriptive,geometric_residual,absoluta,0.95,,1.0,sim,0.9976,0.0024,1.0,0.0016,0.0033,9,,,,,,,,,,
ajustado/genia,exploratorio,genia,T1,descriptive,geometric_residual,vao,0.25,0.8086,0.2197,sim,0.9856,0.0144,0.8113,0.0078,0.0155,53,,,,,,,,,,
ajustado/genia,exploratorio,genia,T1,descriptive,geometric_residual,vao,0.50,0.8724,0.483,sim,0.9957,0.0043,0.875,0.0025,0.0051,16,,,,,,,,,,
ajustado/genia,exploratorio,genia,T1,descriptive,geometric_residual,vao,0.75,0.9362,1.0,sim,0.9976,0.0024,1.0,0.0016,0.0033,9,,,,,,,,,,
ajustado/genia,exploratorio,genia,T1,descriptive,geometric_residual,vao,0.90,0.9745,1.0,sim,0.9976,0.0024,1.0,0.0016,0.0033,9,,,,,,,,,,
ajustado/genia,exploratorio,genia,T1,descriptive,sentence_length,absoluta,0.70,,0.0,sim,0.0,1.0,0.7582,0.5074,0.608,3685,,,,,,,,,,
ajustado/genia,exploratorio,genia,T1,descriptive,sentence_length,absoluta,0.80,,,não,inalcançável,,,,,0,,,,,,,,,,
ajustado/genia,exploratorio,genia,T1,descriptive,sentence_length,absoluta,0.90,,,não,inalcançável,,,,,0,,,,,,,,,,
ajustado/genia,exploratorio,genia,T1,descriptive,sentence_length,absoluta,0.95,,,não,inalcançável,,,,,0,,,,,,,,,,
ajustado/genia,exploratorio,genia,T1,descriptive,sentence_length,vao,0.25,0.8086,,não,inalcançável,,,,,0,,,,,,,,,,
ajustado/genia,exploratorio,genia,T1,descriptive,sentence_length,vao,0.50,0.8724,,não,inalcançável,,,,,0,,,,,,,,,,
ajustado/genia,exploratorio,genia,T1,descriptive,sentence_length,vao,0.75,0.9362,,não,inalcançável,,,,,0,,,,,,,,,,
ajustado/genia,exploratorio,genia,T1,descriptive,sentence_length,vao,0.90,0.9745,,não,inalcançável,,,,,0,,,,,,,,,,
ajustado/genia,exploratorio,genia,T1,descriptive,span_mass,absoluta,0.70,,0.0,sim,0.0,1.0,0.7582,0.5074,0.608,3685,,,,,,,,,,
ajustado/genia,exploratorio,genia,T1,descriptive,span_mass,absoluta,0.80,,0.1765,sim,0.9387,0.0613,0.8009,0.0329,0.0632,226,,,,,,,,,,
ajustado/genia,exploratorio,genia,T1,descriptive,span_mass,absoluta,0.90,,1.0,sim,0.9997,0.0003,1.0,0.0002,0.0004,1,,,,,,,,,,
ajustado/genia,exploratorio,genia,T1,descriptive,span_mass,absoluta,0.95,,1.0,sim,0.9997,0.0003,1.0,0.0002,0.0004,1,,,,,,,,,,
ajustado/genia,exploratorio,genia,T1,descriptive,span_mass,vao,0.25,0.8086,0.2259,sim,0.9493,0.0507,0.8128,0.0276,0.0534,187,,,,,,,,,,
ajustado/genia,exploratorio,genia,T1,descriptive,span_mass,vao,0.50,0.8724,1.0,sim,0.9997,0.0003,1.0,0.0002,0.0004,1,,,,,,,,,,
ajustado/genia,exploratorio,genia,T1,descriptive,span_mass,vao,0.75,0.9362,1.0,sim,0.9997,0.0003,1.0,0.0002,0.0004,1,,,,,,,,,,
ajustado/genia,exploratorio,genia,T1,descriptive,span_mass,vao,0.90,0.9745,1.0,sim,0.9997,0.0003,1.0,0.0002,0.0004,1,,,,,,,,,,
ajustado/genia,exploratorio,genia,T1,descriptive,model_confidence,absoluta,0.70,,0.0,sim,0.0,1.0,0.7582,0.5074,0.608,3685,,,,,,,,,,
ajustado/genia,exploratorio,genia,T1,descriptive,model_confidence,absoluta,0.80,,0.1728,sim,0.095,0.905,0.8,0.4846,0.6036,3335,,,,,,,,,,
ajustado/genia,exploratorio,genia,T1,descriptive,model_confidence,absoluta,0.90,,0.5877,sim,0.4583,0.5417,0.9003,0.3264,0.4791,1996,,,,,,,,,,
ajustado/genia,exploratorio,genia,T1,descriptive,model_confidence,absoluta,0.95,,0.7972,sim,0.9004,0.0996,0.951,0.0634,0.1188,367,,,,,,,,,,
ajustado/genia,exploratorio,genia,T1,descriptive,model_confidence,vao,0.25,0.8086,0.2094,sim,0.117,0.883,0.8089,0.478,0.6009,3254,,,,,,,,,,
ajustado/genia,exploratorio,genia,T1,descriptive,model_confidence,vao,0.50,0.8724,0.4724,sim,0.3427,0.6573,0.8724,0.3838,0.533,2422,,,,,,,,,,
ajustado/genia,exploratorio,genia,T1,descriptive,model_confidence,vao,0.75,0.9362,0.738,sim,0.7772,0.2228,0.9367,0.1397,0.2431,821,,,,,,,,,,
ajustado/genia,exploratorio,genia,T1,descriptive,model_confidence,vao,0.90,0.9745,0.9091,sim,0.9753,0.0247,0.978,0.0162,0.0318,91,,,,,,,,,,
ajustado/genia,exploratorio,genia,T2,task_verdict,span_mass,absoluta,0.70,,,sim,0.0,,,,,,model_confidence,0.0,0.0,0.0,0.0,3685,1190,2000,0,NÃO DISTINGUE (IC contém zero)
ajustado/genia,exploratorio,genia,T2,task_verdict,span_mass,absoluta,0.80,,,sim,0.9387,,,,,,model_confidence,0.095,0.8437,0.5631,0.9098,3685,1190,1936,64,span_mass EXIGE MAIS revisão
ajustado/genia,exploratorio,genia,T2,task_verdict,span_mass,absoluta,0.90,,,sim,0.9997,,,,,,model_confidence,0.4583,0.5414,0.4647,0.6149,3685,1190,1402,598,span_mass EXIGE MAIS revisão
ajustado/genia,exploratorio,genia,T2,task_verdict,span_mass,absoluta,0.95,,,sim,0.9997,,,,,,model_confidence,0.9004,0.0993,0.0211,0.253,3685,1190,1343,657,span_mass EXIGE MAIS revisão
ajustado/genia,exploratorio,genia,T2,task_verdict,span_mass,vao,0.25,0.8086,,sim,0.9493,,,,,,model_confidence,0.117,0.8323,0.611,0.8962,3685,1190,1896,104,span_mass EXIGE MAIS revisão
ajustado/genia,exploratorio,genia,T2,task_verdict,span_mass,vao,0.50,0.8724,,sim,0.9997,,,,,,model_confidence,0.3427,0.657,0.5936,0.715,3685,1190,1503,497,span_mass EXIGE MAIS revisão
ajustado/genia,exploratorio,genia,T2,task_verdict,span_mass,vao,0.75,0.9362,,sim,0.9997,,,,,,model_confidence,0.7772,0.2225,0.0772,0.4016,3685,1190,1355,645,span_mass EXIGE MAIS revisão
ajustado/genia,exploratorio,genia,T2,task_verdict,span_mass,vao,0.90,0.9745,,sim,0.9997,,,,,,model_confidence,0.9753,0.0244,0.0095,0.0936,3685,1190,1340,660,span_mass EXIGE MAIS revisão
ajustado/genia,exploratorio,genia,T3,task_verdict,enrichment,absoluta,0.70,,,sim,0.0,,,,,,model_confidence,0.0,0.0,0.0,0.0,3685,1190,2000,0,NÃO DISTINGUE (IC contém zero)
ajustado/genia,exploratorio,genia,T3,task_verdict,enrichment,absoluta,0.80,,,sim,0.9756,,,,,,model_confidence,0.095,0.8806,0.8117,0.9248,3685,1190,1999,1,enrichment EXIGE MAIS revisão
ajustado/genia,exploratorio,genia,T3,task_verdict,enrichment,absoluta,0.90,,,sim,0.997,,,,,,model_confidence,0.4583,0.5387,0.4641,0.6116,3685,1190,1999,1,enrichment EXIGE MAIS revisão
ajustado/genia,exploratorio,genia,T3,task_verdict,enrichment,absoluta,0.95,,,sim,0.9981,,,,,,model_confidence,0.9004,0.0977,0.0191,0.2505,3685,1190,1999,1,enrichment EXIGE MAIS revisão
ajustado/genia,exploratorio,genia,T3,task_verdict,enrichment,vao,0.25,0.8086,,sim,0.9967,,,,,,model_confidence,0.117,0.8798,0.7935,0.9081,3685,1190,1999,1,enrichment EXIGE MAIS revisão
ajustado/genia,exploratorio,genia,T3,task_verdict,enrichment,vao,0.50,0.8724,,sim,0.997,,,,,,model_confidence,0.3427,0.6543,0.5946,0.7154,3685,1190,1999,1,enrichment EXIGE MAIS revisão
ajustado/genia,exploratorio,genia,T3,task_verdict,enrichment,vao,0.75,0.9362,,sim,0.9981,,,,,,model_confidence,0.7772,0.2209,0.064,0.399,3685,1190,1999,1,enrichment EXIGE MAIS revisão
ajustado/genia,exploratorio,genia,T3,task_verdict,enrichment,vao,0.90,0.9745,,sim,0.9981,,,,,,model_confidence,0.9753,0.0228,0.0077,0.0926,3685,1190,1999,1,enrichment EXIGE MAIS revisão
ajustado/genia,exploratorio,genia,T4,task_verdict,model_confidence+enrichment,absoluta,0.70,,,sim,0.0,,,,,,model_confidence,0.0,0.0,0.0,0.0,3685,1190,2000,0,NÃO DISTINGUE (IC contém zero)
ajustado/genia,exploratorio,genia,T4,task_verdict,model_confidence+enrichment,absoluta,0.80,,,sim,0.0944,,,,,,model_confidence,0.095,-0.0005,-0.003,0.0035,3685,1190,2000,0,NÃO DISTINGUE (IC contém zero)
ajustado/genia,exploratorio,genia,T4,task_verdict,model_confidence+enrichment,absoluta,0.90,,,sim,0.4594,,,,,,model_confidence,0.4583,0.0011,-0.0278,0.0144,3685,1190,2000,0,NÃO DISTINGUE (IC contém zero)
ajustado/genia,exploratorio,genia,T4,task_verdict,model_confidence+enrichment,absoluta,0.95,,,sim,0.9696,,,,,,model_confidence,0.9004,0.0692,-0.0981,0.11,3685,1190,2000,0,NÃO DISTINGUE (IC contém zero)
ajustado/genia,exploratorio,genia,T4,task_verdict,model_confidence+enrichment,vao,0.25,0.8086,,sim,0.1175,,,,,,model_confidence,0.117,0.0005,-0.0043,0.0043,3685,1190,2000,0,NÃO DISTINGUE (IC contém zero)
ajustado/genia,exploratorio,genia,T4,task_verdict,model_confidence+enrichment,vao,0.50,0.8724,,sim,0.3384,,,,,,model_confidence,0.3427,-0.0043,-0.0115,0.0068,3685,1190,2000,0,NÃO DISTINGUE (IC contém zero)
ajustado/genia,exploratorio,genia,T4,task_verdict,model_confidence+enrichment,vao,0.75,0.9362,,sim,0.7815,,,,,,model_confidence,0.7772,0.0043,-0.0925,0.0893,3685,1190,2000,0,NÃO DISTINGUE (IC contém zero)
ajustado/genia,exploratorio,genia,T4,task_verdict,model_confidence+enrichment,vao,0.90,0.9745,,sim,0.9864,,,,,,model_confidence,0.9753,0.0111,-0.0164,0.0709,3685,1190,2000,0,NÃO DISTINGUE (IC contém zero)
ajustado/conll2003,exploratorio,conll2003,T1,descriptive,(sem supervisor),—,—,,0.0,sim,0.0,1.0,0.8997,0.6498,0.7546,4079,,,,,,,,,,
ajustado/conll2003,exploratorio,conll2003,T1,descriptive,span_size,absoluta,0.70,,0.0,sim,0.0,1.0,0.8997,0.6498,0.7546,4079,,,,,,,,,,
ajustado/conll2003,exploratorio,conll2003,T1,descriptive,span_size,absoluta,0.80,,0.0,sim,0.0,1.0,0.8997,0.6498,0.7546,4079,,,,,,,,,,
ajustado/conll2003,exploratorio,conll2003,T1,descriptive,span_size,absoluta,0.90,,1.0,sim,0.9998,0.0002,1.0,0.0002,0.0004,1,,,,,,,,,,
ajustado/conll2003,exploratorio,conll2003,T1,descriptive,span_size,absoluta,0.95,,1.0,sim,0.9998,0.0002,1.0,0.0002,0.0004,1,,,,,,,,,,
ajustado/conll2003,exploratorio,conll2003,T1,descriptive,span_size,vao,0.25,0.9186,1.0,sim,0.9998,0.0002,1.0,0.0002,0.0004,1,,,,,,,,,,
ajustado/conll2003,exploratorio,conll2003,T1,descriptive,span_size,vao,0.50,0.9457,1.0,sim,0.9998,0.0002,1.0,0.0002,0.0004,1,,,,,,,,,,
ajustado/conll2003,exploratorio,conll2003,T1,descriptive,span_size,vao,0.75,0.9729,1.0,sim,0.9998,0.0002,1.0,0.0002,0.0004,1,,,,,,,,,,
ajustado/conll2003,exploratorio,conll2003,T1,descriptive,span_size,vao,0.90,0.9891,1.0,sim,0.9998,0.0002,1.0,0.0002,0.0004,1,,,,,,,,,,
ajustado/conll2003,exploratorio,conll2003,T1,descriptive,geometric_fraction,absoluta,0.70,,0.0,sim,0.0,1.0,0.8997,0.6498,0.7546,4079,,,,,,,,,,
ajustado/conll2003,exploratorio,conll2003,T1,descriptive,geometric_fraction,absoluta,0.80,,0.0,sim,0.0,1.0,0.8997,0.6498,0.7546,4079,,,,,,,,,,
ajustado/conll2003,exploratorio,conll2003,T1,descriptive,geometric_fraction,absoluta,0.90,,,não,inalcançável,,,,,0,,,,,,,,,,
ajustado/conll2003,exploratorio,conll2003,T1,descriptive,geometric_fraction,absoluta,0.95,,,não,inalcançável,,,,,0,,,,,,,,,,
ajustado/conll2003,exploratorio,conll2003,T1,descriptive,geometric_fraction,vao,0.25,0.9186,,não,inalcançável,,,,,0,,,,,,,,,,
ajustado/conll2003,exploratorio,conll2003,T1,descriptive,geometric_fraction,vao,0.50,0.9457,,não,inalcançável,,,,,0,,,,,,,,,,
ajustado/conll2003,exploratorio,conll2003,T1,descriptive,geometric_fraction,vao,0.75,0.9729,,não,inalcançável,,,,,0,,,,,,,,,,
ajustado/conll2003,exploratorio,conll2003,T1,descriptive,geometric_fraction,vao,0.90,0.9891,,não,inalcançável,,,,,0,,,,,,,,,,
ajustado/conll2003,exploratorio,conll2003,T1,descriptive,enrichment,absoluta,0.70,,0.0,sim,0.0,1.0,0.8997,0.6498,0.7546,4079,,,,,,,,,,
ajustado/conll2003,exploratorio,conll2003,T1,descriptive,enrichment,absoluta,0.80,,0.0,sim,0.0,1.0,0.8997,0.6498,0.7546,4079,,,,,,,,,,
ajustado/conll2003,exploratorio,conll2003,T1,descriptive,enrichment,absoluta,0.90,,0.0044,sim,0.0005,0.9995,0.9002,0.6498,0.7548,4077,,,,,,,,,,
ajustado/conll2003,exploratorio,conll2003,T1,descriptive,enrichment,absoluta,0.95,,0.5063,sim,0.9752,0.0248,0.9505,0.017,0.0334,101,,,,,,,,,,
ajustado/conll2003,exploratorio,conll2003,T1,descriptive,enrichment,vao,0.25,0.9186,0.2046,sim,0.9201,0.0799,0.9202,0.0531,0.1004,326,,,,,,,,,,
ajustado/conll2003,exploratorio,conll2003,T1,descriptive,enrichment,vao,0.50,0.9457,0.4695,sim,0.9539,0.0461,0.9468,0.0315,0.061,188,,,,,,,,,,
ajustado/conll2003,exploratorio,conll2003,T1,descriptive,enrichment,vao,0.75,0.9729,1.0,sim,0.9963,0.0037,1.0,0.0027,0.0053,15,,,,,,,,,,
ajustado/conll2003,exploratorio,conll2003,T1,descriptive,enrichment,vao,0.90,0.9891,1.0,sim,0.9963,0.0037,1.0,0.0027,0.0053,15,,,,,,,,,,
ajustado/conll2003,exploratorio,conll2003,T1,descriptive,geometric_residual,absoluta,0.70,,0.0,sim,0.0,1.0,0.8997,0.6498,0.7546,4079,,,,,,,,,,
ajustado/conll2003,exploratorio,conll2003,T1,descriptive,geometric_residual,absoluta,0.80,,0.0,sim,0.0,1.0,0.8997,0.6498,0.7546,4079,,,,,,,,,,
ajustado/conll2003,exploratorio,conll2003,T1,descriptive,geometric_residual,absoluta,0.90,,0.0044,sim,0.0005,0.9995,0.9002,0.6498,0.7548,4077,,,,,,,,,,
ajustado/conll2003,exploratorio,conll2003,T1,descriptive,geometric_residual,absoluta,0.95,,,não,inalcançável,,,,,0,,,,,,,,,,
ajustado/conll2003,exploratorio,conll2003,T1,descriptive,geometric_residual,vao,0.25,0.9186,,não,inalcançável,,,,,0,,,,,,,,,,
ajustado/conll2003,exploratorio,conll2003,T1,descriptive,geometric_residual,vao,0.50,0.9457,,não,inalcançável,,,,,0,,,,,,,,,,
ajustado/conll2003,exploratorio,conll2003,T1,descriptive,geometric_residual,vao,0.75,0.9729,,não,inalcançável,,,,,0,,,,,,,,,,
ajustado/conll2003,exploratorio,conll2003,T1,descriptive,geometric_residual,vao,0.90,0.9891,,não,inalcançável,,,,,0,,,,,,,,,,
ajustado/conll2003,exploratorio,conll2003,T1,descriptive,sentence_length,absoluta,0.70,,0.0,sim,0.0,1.0,0.8997,0.6498,0.7546,4079,,,,,,,,,,
ajustado/conll2003,exploratorio,conll2003,T1,descriptive,sentence_length,absoluta,0.80,,0.0,sim,0.0,1.0,0.8997,0.6498,0.7546,4079,,,,,,,,,,
ajustado/conll2003,exploratorio,conll2003,T1,descriptive,sentence_length,absoluta,0.90,,0.0078,sim,0.002,0.998,0.9005,0.6491,0.7544,4071,,,,,,,,,,
ajustado/conll2003,exploratorio,conll2003,T1,descriptive,sentence_length,absoluta,0.95,,0.6074,sim,0.9377,0.0623,0.9606,0.0432,0.0827,254,,,,,,,,,,
ajustado/conll2003,exploratorio,conll2003,T1,descriptive,sentence_length,vao,0.25,0.9186,0.2039,sim,0.7205,0.2795,0.9202,0.1857,0.3091,1140,,,,,,,,,,
ajustado/conll2003,exploratorio,conll2003,T1,descriptive,sentence_length,vao,0.50,0.9457,0.6074,sim,0.9377,0.0623,0.9606,0.0432,0.0827,254,,,,,,,,,,
ajustado/conll2003,exploratorio,conll2003,T1,descriptive,sentence_length,vao,0.75,0.9729,0.7323,sim,0.9635,0.0365,0.9732,0.0257,0.05,149,,,,,,,,,,
ajustado/conll2003,exploratorio,conll2003,T1,descriptive,sentence_length,vao,0.90,0.9891,0.9208,sim,0.9691,0.0309,0.9921,0.0221,0.0433,126,,,,,,,,,,
ajustado/conll2003,exploratorio,conll2003,T1,descriptive,span_mass,absoluta,0.70,,0.0,sim,0.0,1.0,0.8997,0.6498,0.7546,4079,,,,,,,,,,
ajustado/conll2003,exploratorio,conll2003,T1,descriptive,span_mass,absoluta,0.80,,0.0,sim,0.0,1.0,0.8997,0.6498,0.7546,4079,,,,,,,,,,
ajustado/conll2003,exploratorio,conll2003,T1,descriptive,span_mass,absoluta,0.90,,1.0,sim,0.9998,0.0002,1.0,0.0002,0.0004,1,,,,,,,,,,
ajustado/conll2003,exploratorio,conll2003,T1,descriptive,span_mass,absoluta,0.95,,1.0,sim,0.9998,0.0002,1.0,0.0002,0.0004,1,,,,,,,,,,
ajustado/conll2003,exploratorio,conll2003,T1,descriptive,span_mass,vao,0.25,0.9186,1.0,sim,0.9998,0.0002,1.0,0.0002,0.0004,1,,,,,,,,,,
ajustado/conll2003,exploratorio,conll2003,T1,descriptive,span_mass,vao,0.50,0.9457,1.0,sim,0.9998,0.0002,1.0,0.0002,0.0004,1,,,,,,,,,,
ajustado/conll2003,exploratorio,conll2003,T1,descriptive,span_mass,vao,0.75,0.9729,1.0,sim,0.9998,0.0002,1.0,0.0002,0.0004,1,,,,,,,,,,
ajustado/conll2003,exploratorio,conll2003,T1,descriptive,span_mass,vao,0.90,0.9891,1.0,sim,0.9998,0.0002,1.0,0.0002,0.0004,1,,,,,,,,,,
ajustado/conll2003,exploratorio,conll2003,T1,descriptive,model_confidence,absoluta,0.70,,0.0,sim,0.0,1.0,0.8997,0.6498,0.7546,4079,,,,,,,,,,
ajustado/conll2003,exploratorio,conll2003,T1,descriptive,model_confidence,absoluta,0.80,,0.0,sim,0.0,1.0,0.8997,0.6498,0.7546,4079,,,,,,,,,,
ajustado/conll2003,exploratorio,conll2003,T1,descriptive,model_confidence,absoluta,0.90,,0.0044,sim,0.0005,0.9995,0.9002,0.6498,0.7548,4077,,,,,,,,,,
ajustado/conll2003,exploratorio,conll2003,T1,descriptive,model_confidence,absoluta,0.95,,0.5093,sim,0.1429,0.8571,0.9508,0.5885,0.727,3496,,,,,,,,,,
ajustado/conll2003,exploratorio,conll2003,T1,descriptive,model_confidence,vao,0.25,0.9186,0.1889,sim,0.0294,0.9706,0.9187,0.6439,0.7572,3959,,,,,,,,,,
ajustado/conll2003,exploratorio,conll2003,T1,descriptive,model_confidence,vao,0.50,0.9457,0.4589,sim,0.1189,0.8811,0.9457,0.6018,0.7356,3594,,,,,,,,,,
ajustado/conll2003,exploratorio,conll2003,T1,descriptive,model_confidence,vao,0.75,0.9729,,não,inalcançável,,,,,0,,,,,,,,,,
ajustado/conll2003,exploratorio,conll2003,T1,descriptive,model_confidence,vao,0.90,0.9891,,não,inalcançável,,,,,0,,,,,,,,,,
ajustado/conll2003,exploratorio,conll2003,T2,task_verdict,span_mass,absoluta,0.70,,,sim,0.0,,,,,,model_confidence,0.0,0.0,0.0,0.0,4079,2023,2000,0,NÃO DISTINGUE (IC contém zero)
ajustado/conll2003,exploratorio,conll2003,T2,task_verdict,span_mass,absoluta,0.80,,,sim,0.0,,,,,,model_confidence,0.0,0.0,0.0,0.0,4079,2023,2000,0,NÃO DISTINGUE (IC contém zero)
ajustado/conll2003,exploratorio,conll2003,T2,task_verdict,span_mass,absoluta,0.90,,,sim,0.9998,,,,,,model_confidence,0.0005,0.9993,0.0,0.9982,4079,2023,1752,248,NÃO DISTINGUE (IC contém zero)
ajustado/conll2003,exploratorio,conll2003,T2,task_verdict,span_mass,absoluta,0.95,,,sim,0.9998,,,,,,model_confidence,0.1429,0.8568,0.8193,0.8992,4079,2023,1342,658,span_mass EXIGE MAIS revisão
ajustado/conll2003,exploratorio,conll2003,T2,task_verdict,span_mass,vao,0.25,0.9186,,sim,0.9998,,,,,,model_confidence,0.0294,0.9703,0.9454,0.9865,4079,2023,1447,553,span_mass EXIGE MAIS revisão
ajustado/conll2003,exploratorio,conll2003,T2,task_verdict,span_mass,vao,0.50,0.9457,,sim,0.9998,,,,,,model_confidence,0.1189,0.8809,0.8272,0.9167,4079,2023,1440,560,span_mass EXIGE MAIS revisão
ajustado/conll2003,exploratorio,conll2003,T2,task_verdict,span_mass,vao,0.75,0.9729,,não,0.9998,,,,,,model_confidence,inalcançável,,,,4079,2023,0,0,inalcançável para model_confidence
ajustado/conll2003,exploratorio,conll2003,T2,task_verdict,span_mass,vao,0.90,0.9891,,não,0.9998,,,,,,model_confidence,inalcançável,,,,4079,2023,0,0,inalcançável para model_confidence
ajustado/conll2003,exploratorio,conll2003,T3,task_verdict,enrichment,absoluta,0.70,,,sim,0.0,,,,,,model_confidence,0.0,0.0,0.0,0.0,4079,2023,2000,0,NÃO DISTINGUE (IC contém zero)
ajustado/conll2003,exploratorio,conll2003,T3,task_verdict,enrichment,absoluta,0.80,,,sim,0.0,,,,,,model_confidence,0.0,0.0,0.0,0.0,4079,2023,2000,0,NÃO DISTINGUE (IC contém zero)
ajustado/conll2003,exploratorio,conll2003,T3,task_verdict,enrichment,absoluta,0.90,,,sim,0.0005,,,,,,model_confidence,0.0005,0.0,0.0,0.6649,4079,2023,2000,0,NÃO DISTINGUE (IC contém zero)
ajustado/conll2003,exploratorio,conll2003,T3,task_verdict,enrichment,absoluta,0.95,,,sim,0.9752,,,,,,model_confidence,0.1429,0.8323,0.7617,0.882,4079,2023,1841,159,enrichment EXIGE MAIS revisão
ajustado/conll2003,exploratorio,conll2003,T3,task_verdict,enrichment,vao,0.25,0.9186,,sim,0.9201,,,,,,model_confidence,0.0294,0.8907,0.2947,0.9305,4079,2023,2000,0,enrichment EXIGE MAIS revisão
ajustado/conll2003,exploratorio,conll2003,T3,task_verdict,enrichment,vao,0.50,0.9457,,sim,0.9539,,,,,,model_confidence,0.1189,0.835,0.7764,0.8969,4079,2023,1991,9,enrichment EXIGE MAIS revisão
ajustado/conll2003,exploratorio,conll2003,T3,task_verdict,enrichment,vao,0.75,0.9729,,não,0.9963,,,,,,model_confidence,inalcançável,,,,4079,2023,0,0,inalcançável para model_confidence
ajustado/conll2003,exploratorio,conll2003,T3,task_verdict,enrichment,vao,0.90,0.9891,,não,0.9963,,,,,,model_confidence,inalcançável,,,,4079,2023,0,0,inalcançável para model_confidence
ajustado/conll2003,exploratorio,conll2003,T4,task_verdict,model_confidence+enrichment,absoluta,0.70,,,sim,0.0,,,,,,model_confidence,0.0,0.0,0.0,0.0,4079,2023,2000,0,NÃO DISTINGUE (IC contém zero)
ajustado/conll2003,exploratorio,conll2003,T4,task_verdict,model_confidence+enrichment,absoluta,0.80,,,sim,0.0,,,,,,model_confidence,0.0,0.0,0.0,0.0,4079,2023,2000,0,NÃO DISTINGUE (IC contém zero)
ajustado/conll2003,exploratorio,conll2003,T4,task_verdict,model_confidence+enrichment,absoluta,0.90,,,sim,0.0005,,,,,,model_confidence,0.0005,0.0,0.0,0.0,4079,2023,2000,0,NÃO DISTINGUE (IC contém zero)
ajustado/conll2003,exploratorio,conll2003,T4,task_verdict,model_confidence+enrichment,absoluta,0.95,,,sim,0.1429,,,,,,model_confidence,0.1429,0.0,0.0,0.0,4079,2023,1841,159,NÃO DISTINGUE (IC contém zero)
ajustado/conll2003,exploratorio,conll2003,T4,task_verdict,model_confidence+enrichment,vao,0.25,0.9186,,sim,0.0294,,,,,,model_confidence,0.0294,0.0,0.0,0.0,4079,2023,2000,0,NÃO DISTINGUE (IC contém zero)
ajustado/conll2003,exploratorio,conll2003,T4,task_verdict,model_confidence+enrichment,vao,0.50,0.9457,,sim,0.1189,,,,,,model_confidence,0.1189,0.0,0.0,0.0,4079,2023,1991,9,NÃO DISTINGUE (IC contém zero)
ajustado/conll2003,exploratorio,conll2003,T4,task_verdict,model_confidence+enrichment,vao,0.75,0.9729,,não,inalcançável,,,,,,model_confidence,inalcançável,,,,4079,2023,0,0,inalcançável para model_confidence+enrichment e model_confidence
ajustado/conll2003,exploratorio,conll2003,T4,task_verdict,model_confidence+enrichment,vao,0.90,0.9891,,não,inalcançável,,,,,,model_confidence,inalcançável,,,,4079,2023,0,0,inalcançável para model_confidence+enrichment e model_confidence
