extrator,corpus,sinal,rr
gliner-base,conll2003,model_confidence,0.5116760828625236
gliner-base,conll2003,span_mass,-0.060075329566854796
gliner-base,conll2003,geometric_fraction,-0.05819209039548001
gliner-base,conll2003,enrichment,0.01713747645951036
gliner-base,conll2003,span_size,0.06892655367231637
gliner-base,conll2003,sentence_length,0.1570621468926554
gliner-base,genia,model_confidence,0.3424828446662508
gliner-base,genia,span_mass,0.08712830110210024
gliner-base,genia,geometric_fraction,0.07901850696610513
gliner-base,genia,enrichment,-0.06862133499688094
gliner-base,genia,span_size,0.08629652734456228
gliner-base,genia,sentence_length,0.028280307756290313
gliner-large,conll2003,model_confidence,0.5035279025016036
gliner-large,conll2003,span_mass,-0.02394697455633943
gliner-large,conll2003,geometric_fraction,-0.02437459910198858
gliner-large,conll2003,enrichment,0.08680778276673085
gliner-large,conll2003,span_size,0.0985674577720762
gliner-large,conll2003,sentence_length,0.10797519777635234
gliner-large,genia,model_confidence,0.3395105725825611
gliner-large,genia,span_mass,0.09028272748871458
gliner-large,genia,geometric_fraction,0.08196721311475408
gliner-large,genia,enrichment,-0.08458066048942747
gliner-large,genia,span_size,0.08363031598954618
gliner-large,genia,sentence_length,0.01591827037301019
gliner_base-ft-conll2003,conll2003,model_confidence,0.5194416749750748
gliner_base-ft-conll2003,conll2003,span_mass,-0.4895314057826521
gliner_base-ft-conll2003,conll2003,geometric_fraction,-0.51345962113659
gliner_base-ft-conll2003,conll2003,enrichment,0.08873379860418751
gliner_base-ft-conll2003,conll2003,span_size,-0.18843469591226314
gliner_base-ft-conll2003,conll2003,sentence_length,0.17148554336989041
gliner_base-ft-genia,genia,model_confidence,0.5446650124069479
gliner_base-ft-genia,genia,span_mass,0.06244830438378812
gliner_base-ft-genia,genia,geometric_fraction,0.05707196029776662
gliner_base-ft-genia,genia,enrichment,-0.014061207609594728
gliner_base-ft-genia,genia,span_size,0.06451612903225801
gliner_base-ft-genia,genia,sentence_length,0.009098428453267027
gliner-large,conll2003,row_entropy,-0.00042762454564893027
gliner-large,conll2003,row_max,-0.07013042548642279
gliner-large,conll2003,emitted_mass,-0.1954244173615567
gliner-large,conll2003,hidden_norm,-0.40175326063716055
gliner-large,conll2003,hidden_dist_centroide,0.014753046824887761
gliner-large,conll2003,hidden_delta_camadas,-0.05644644002565746
gliner-large,conll2003,logit_margin,0.5157152020525978
gliner-large,conll2003,logit_entropy,-0.45435107975197786
gliner-large,conll2003,logit_max,0.5035279025016036
gliner-large,genia,row_entropy,0.01924447612259439
gliner-large,genia,row_max,-0.050605844618674345
gliner-large,genia,emitted_mass,-0.2254692325968164
gliner-large,genia,hidden_norm,-0.16393442622950816
gliner-large,genia,hidden_dist_centroide,-0.22404371584699456
gliner-large,genia,hidden_delta_camadas,-0.18840579710144922
gliner-large,genia,logit_margin,0.32264195770966975
gliner-large,genia,logit_entropy,-0.1853171774768354
gliner-large,genia,logit_max,0.3395105725825611
gliner_base-ft-conll2003,conll2003,row_entropy,0.12263210368893329
gliner_base-ft-conll2003,conll2003,row_max,-0.08175473579262205
gliner_base-ft-conll2003,conll2003,emitted_mass,0.023928215353938187
gliner_base-ft-conll2003,conll2003,hidden_norm,-0.5074775672981058
gliner_base-ft-conll2003,conll2003,hidden_dist_centroide,0.09471585244267189
gliner_base-ft-conll2003,conll2003,hidden_delta_camadas,-0.017946161515453696
gliner_base-ft-conll2003,conll2003,logit_margin,0.6101694915254237
gliner_base-ft-conll2003,conll2003,logit_entropy,-1.8604187437686939
gliner_base-ft-conll2003,conll2003,logit_max,0.5194416749750748
gliner_base-ft-genia,genia,row_entropy,-0.010752688172043001
gliner_base-ft-genia,genia,row_max,-0.062448304383788455
gliner_base-ft-genia,genia,emitted_mass,-0.23035566583953693
gliner_base-ft-genia,genia,hidden_norm,-0.2406947890818858
gliner_base-ft-genia,genia,hidden_dist_centroide,-0.1364764267990075
gliner_base-ft-genia,genia,hidden_delta_camadas,-0.2580645161290325
gliner_base-ft-genia,genia,logit_margin,0.5500413564929694
gliner_base-ft-genia,genia,logit_entropy,-0.4164598842018199
gliner_base-ft-genia,genia,logit_max,0.5446650124069479
qwen05b-ft-conll2003,conll2003,geometric_fraction,-0.23244680851063815
qwen05b-ft-conll2003,conll2003,hidden_delta_camadas,-0.7265957446808511
qwen05b-ft-conll2003,conll2003,hidden_dist_centroide,-0.11223404255319158
qwen05b-ft-conll2003,conll2003,hidden_norm,-0.6920212765957447
qwen05b-ft-conll2003,conll2003,model_confidence,0.6377659574468085
qwen05b-ft-conll2003,conll2003,row_entropy_causal,0.274468085106383
qwen05b-ft-conll2003,conll2003,row_max_causal,-0.45585106382978724
qwen05b-ft-conll2003,conll2003,sentence_length,0.3101063829787234
qwen05b-ft-conll2003,conll2003,sonda_atencao_cabecas,0.6686170212765957
qwen05b-ft-conll2003,conll2003,sonda_ocultos,0.7218085106382979
qwen05b-ft-conll2003,conll2003,span_mass,-0.15691489361702127
qwen05b-ft-conll2003,conll2003,span_size,-0.026063829787233983
qwen05b-ft-genia,genia,geometric_fraction,-0.046014790468364763
qwen05b-ft-genia,genia,hidden_delta_camadas,-0.19433032046014787
qwen05b-ft-genia,genia,hidden_dist_centroide,-0.06573541495480706
qwen05b-ft-genia,genia,hidden_norm,-0.22308956450287587
qwen05b-ft-genia,genia,model_confidence,0.3701725554642564
qwen05b-ft-genia,genia,row_entropy_causal,0.04478225143796222
qwen05b-ft-genia,genia,row_max_causal,-0.14050944946589983
qwen05b-ft-genia,genia,sentence_length,-0.013147082990961456
qwen05b-ft-genia,genia,sonda_atencao_cabecas,0.3212818405916187
qwen05b-ft-genia,genia,sonda_ocultos,0.41125718981101067
qwen05b-ft-genia,genia,span_mass,-0.034100246507805965
qwen05b-ft-genia,genia,span_size,-0.01766639276910431
qwen15b-ft-conll2003,conll2003,geometric_fraction,-0.3639380530973453
qwen15b-ft-conll2003,conll2003,hidden_delta_camadas,-0.9861725663716814
qwen15b-ft-conll2003,conll2003,hidden_dist_centroide,-0.11836283185840712
qwen15b-ft-conll2003,conll2003,hidden_norm,-0.6880530973451331
qwen15b-ft-conll2003,conll2003,model_confidence,0.6769911504424779
qwen15b-ft-conll2003,conll2003,row_entropy_causal,0.29756637168141586
qwen15b-ft-conll2003,conll2003,row_max_causal,-0.4657079646017701
qwen15b-ft-conll2003,conll2003,sentence_length,0.31028761061946897
qwen15b-ft-conll2003,conll2003,sonda_atencao_cabecas,0.7411504424778761
qwen15b-ft-conll2003,conll2003,sonda_ocultos,0.7295353982300885
qwen15b-ft-conll2003,conll2003,span_mass,-0.33130530973451333
qwen15b-ft-conll2003,conll2003,span_size,-0.053097345132743445
qwen15b-ft-genia,genia,geometric_fraction,-0.06007208650380447
qwen15b-ft-genia,genia,hidden_delta_camadas,-0.10732879455346422
qwen15b-ft-genia,genia,hidden_dist_centroide,-0.0444533440128152
qwen15b-ft-genia,genia,hidden_norm,-0.3784541449739687
qwen15b-ft-genia,genia,model_confidence,0.33440128153784543
qwen15b-ft-genia,genia,row_entropy_causal,0.051661994393271904
qwen15b-ft-genia,genia,row_max_causal,-0.0841009211053263
qwen15b-ft-genia,genia,sentence_length,0.03764517420905078
qwen15b-ft-genia,genia,sonda_atencao_cabecas,0.3440128153784542
qwen15b-ft-genia,genia,sonda_ocultos,0.4004805766920304
qwen15b-ft-genia,genia,span_mass,-0.052863436123347984
qwen15b-ft-genia,genia,span_size,-0.028033640368442025
