ponto,corpus,declaracao_origem,n,n_sem_janela,J1_mediana_log_r,J1_ci_low,J1_ci_high,J1_veredito,J2_mediana_acertos,J2_mediana_erros,J2_frac_r_maior_1,J3_dif_erros_menos_acertos,J3_ci_low,J3_ci_high,estado
gliner-base,genia,decl-02-geometria,3868,170,-0.020105950201417665,-0.026269469208014422,-0.014241309360836781,atenua,-0.02073988598562185,-0.01817774821228621,0.45372285418821096,0.002562137773335641,-0.010121935979798843,0.016163407533342302,ok
gliner-base,conll2003,decl-02-geometria,5132,569,-0.023582011577106286,-0.03044968106352167,-0.01638239649106296,atenua,-0.03941964492549886,-0.005937647731046708,0.44154325798908806,0.033481997194452155,0.023637414507610036,0.04448722177421109,ok
gliner-large,genia,decl-04-escala,3589,165,-0.12108623104848094,-0.1271316215783868,-0.11420862129453381,atenua,-0.12101007525096576,-0.121498977402563,0.24240735580941766,-0.000488902151597248,-0.012721276644246953,0.011559270804719168,ok
gliner-large,conll2003,decl-04-escala,4671,428,-0.05057849597398485,-0.05669923144932091,-0.044414555723488944,atenua,-0.061153853906109654,-0.03950530497271692,0.3883536715906658,0.021648548933392735,0.0106033858353022,0.031587636953977004,ok
gliner_base-ft-genia,genia,decl-05-ajustado-genia,3485,200,-0.05521323313225333,-0.06134443234194299,-0.04818267257592202,atenua,-0.053939606570798375,-0.0592601045020409,0.3589670014347202,-0.005320497931242528,-0.020179038148896287,0.00812286663150429,ok
gliner_base-ft-conll2003,conll2003,decl-06-ajustado-conll,3719,360,-0.0747628862414133,-0.0835728192592477,-0.06703855868183976,atenua,-0.0761499970848061,-0.06565193044272127,0.34041408980908844,0.01049806664208483,-0.012015457288139748,0.0391385585699246,ok
qwen05b-ft-genia,genia,decl-10-decoder-05b-genia,3708,269,0.06693447721804657,0.04262717410948828,0.0945161043929581,destaca,0.079549081187646,0.038404076923366046,0.558252427184466,-0.04114500426427996,-0.09189691170696612,0.005844366923903026,ok
qwen05b-ft-conll2003,conll2003,decl-11-decoder-05b-conll,4008,391,0.12599663494405106,0.1015854918041401,0.1508157144882823,destaca,0.18233527441113825,-0.049858042089183825,0.5833333333333334,-0.23219331650032207,-0.27005746385657275,-0.18500888630686876,ok
qwen15b-ft-genia,genia,decl-12-decoder-15b-genia,3675,270,0.1175342743828666,0.0873554120602439,0.14041186079436282,destaca,0.12461616413996832,0.09025577551951791,0.5850340136054422,-0.034360388620450405,-0.1001730718589556,0.004848279557437367,ok
qwen15b-ft-conll2003,conll2003,decl-13-decoder-15b-conll,4026,411,0.023126264935687015,0.002553938172843728,0.03639867729999517,destaca,0.04432659098945397,-0.17765363318952307,0.520367610531545,-0.22198022417897703,-0.2772110543088767,-0.16194483028792633,ok
