ponto,corpus,declaracao_origem,tipo,n_erros,n_acertos,teste,escore,contra,aurc_escore,aurc_contra,delta,ci_low,ci_high,n_degeneradas,estado,metrica,valor
gliner-base,genia,decl-02-geometria,rotulo,540,3005,E1,span_mass,geometric_fraction,0.1566,0.1603,-0.0037,-0.0068,-0.0007,0.0,ok,,
gliner-base,genia,decl-02-geometria,rotulo,540,3005,E2,model_confidence+enrichment,model_confidence,0.0848,0.0848,0.0,0.0,0.0,0.0,ok,,
gliner-base,genia,decl-02-geometria,rotulo,540,3005,E3,,,,,,,,,ok,aurc_acaso,0.1525
gliner-base,genia,decl-02-geometria,rotulo,540,3005,E3,,,,,,,,,ok,aurc_span_size,0.1647
gliner-base,genia,decl-02-geometria,rotulo,540,3005,E3,,,,,,,,,ok,aurc_geometric_fraction,0.1603
gliner-base,genia,decl-02-geometria,rotulo,540,3005,E3,,,,,,,,,ok,aurc_enrichment,0.1432
gliner-base,genia,decl-02-geometria,rotulo,540,3005,E3,,,,,,,,,ok,aurc_geometric_residual,0.141
gliner-base,genia,decl-02-geometria,rotulo,540,3005,E3,,,,,,,,,ok,aurc_sentence_length,0.1561
gliner-base,genia,decl-02-geometria,rotulo,540,3005,E3,,,,,,,,,ok,aurc_span_mass,0.1566
gliner-base,genia,decl-02-geometria,rotulo,540,3005,E3,,,,,,,,,ok,aurc_model_confidence,0.0848
gliner-base,genia,decl-02-geometria,fronteira,738,3005,E1,span_mass,geometric_fraction,0.1995,0.1979,0.0016,-0.0016,0.0049,0.0,ok,,
gliner-base,genia,decl-02-geometria,fronteira,738,3005,E2,model_confidence+enrichment,model_confidence,0.0962,0.0967,-0.0005,-0.0012,0.0001,0.0,ok,,
gliner-base,genia,decl-02-geometria,fronteira,738,3005,E3,,,,,,,,,ok,aurc_acaso,0.1949
gliner-base,genia,decl-02-geometria,fronteira,738,3005,E3,,,,,,,,,ok,aurc_span_size,0.2114
gliner-base,genia,decl-02-geometria,fronteira,738,3005,E3,,,,,,,,,ok,aurc_geometric_fraction,0.1979
gliner-base,genia,decl-02-geometria,fronteira,738,3005,E3,,,,,,,,,ok,aurc_enrichment,0.2112
gliner-base,genia,decl-02-geometria,fronteira,738,3005,E3,,,,,,,,,ok,aurc_geometric_residual,0.2061
gliner-base,genia,decl-02-geometria,fronteira,738,3005,E3,,,,,,,,,ok,aurc_sentence_length,0.197
gliner-base,genia,decl-02-geometria,fronteira,738,3005,E3,,,,,,,,,ok,aurc_span_mass,0.1995
gliner-base,genia,decl-02-geometria,fronteira,738,3005,E3,,,,,,,,,ok,aurc_model_confidence,0.0967
gliner-base,genia,decl-02-geometria,sem_par,1516,3005,E1,span_mass,geometric_fraction,0.2605,0.2622,-0.0017,-0.0048,0.0015,0.0,ok,,
gliner-base,genia,decl-02-geometria,sem_par,1516,3005,E2,model_confidence+enrichment,model_confidence,0.1952,0.1952,0.0,0.0,0.0,0.0,ok,,
gliner-base,genia,decl-02-geometria,sem_par,1516,3005,E3,,,,,,,,,ok,aurc_acaso,0.3318
gliner-base,genia,decl-02-geometria,sem_par,1516,3005,E3,,,,,,,,,ok,aurc_span_size,0.24
gliner-base,genia,decl-02-geometria,sem_par,1516,3005,E3,,,,,,,,,ok,aurc_geometric_fraction,0.2622
gliner-base,genia,decl-02-geometria,sem_par,1516,3005,E3,,,,,,,,,ok,aurc_enrichment,0.3935
gliner-base,genia,decl-02-geometria,sem_par,1516,3005,E3,,,,,,,,,ok,aurc_geometric_residual,0.3133
gliner-base,genia,decl-02-geometria,sem_par,1516,3005,E3,,,,,,,,,ok,aurc_sentence_length,0.3025
gliner-base,genia,decl-02-geometria,sem_par,1516,3005,E3,,,,,,,,,ok,aurc_span_mass,0.2605
gliner-base,genia,decl-02-geometria,sem_par,1516,3005,E3,,,,,,,,,ok,aurc_model_confidence,0.1952
gliner-base,conll2003,decl-02-geometria,rotulo,1064,3801,E1,span_mass,geometric_fraction,0.26,0.278,-0.018,-0.0218,-0.0142,0.0,ok,,
gliner-base,conll2003,decl-02-geometria,rotulo,1064,3801,E2,model_confidence+enrichment,model_confidence,0.1008,0.1043,-0.0036,-0.0094,0.0026,0.0,ok,,
gliner-base,conll2003,decl-02-geometria,rotulo,1064,3801,E3,,,,,,,,,ok,aurc_acaso,0.2171
gliner-base,conll2003,decl-02-geometria,rotulo,1064,3801,E3,,,,,,,,,ok,aurc_span_size,0.1745
gliner-base,conll2003,decl-02-geometria,rotulo,1064,3801,E3,,,,,,,,,ok,aurc_geometric_fraction,0.278
gliner-base,conll2003,decl-02-geometria,rotulo,1064,3801,E3,,,,,,,,,ok,aurc_enrichment,0.14
gliner-base,conll2003,decl-02-geometria,rotulo,1064,3801,E3,,,,,,,,,ok,aurc_geometric_residual,0.1824
gliner-base,conll2003,decl-02-geometria,rotulo,1064,3801,E3,,,,,,,,,ok,aurc_sentence_length,0.1259
gliner-base,conll2003,decl-02-geometria,rotulo,1064,3801,E3,,,,,,,,,ok,aurc_span_mass,0.26
gliner-base,conll2003,decl-02-geometria,rotulo,1064,3801,E3,,,,,,,,,ok,aurc_model_confidence,0.1043
gliner-base,conll2003,decl-02-geometria,fronteira,526,3801,E1,span_mass,geometric_fraction,0.2014,0.1865,0.0149,0.0118,0.0181,0.0,ok,,
gliner-base,conll2003,decl-02-geometria,fronteira,526,3801,E2,model_confidence+enrichment,model_confidence,0.0364,0.0364,0.0,0.0,0.0,0.0,ok,,
gliner-base,conll2003,decl-02-geometria,fronteira,526,3801,E3,,,,,,,,,ok,aurc_acaso,0.124
gliner-base,conll2003,decl-02-geometria,fronteira,526,3801,E3,,,,,,,,,ok,aurc_span_size,0.225
gliner-base,conll2003,decl-02-geometria,fronteira,526,3801,E3,,,,,,,,,ok,aurc_geometric_fraction,0.1865
gliner-base,conll2003,decl-02-geometria,fronteira,526,3801,E3,,,,,,,,,ok,aurc_enrichment,0.1179
gliner-base,conll2003,decl-02-geometria,fronteira,526,3801,E3,,,,,,,,,ok,aurc_geometric_residual,0.2157
gliner-base,conll2003,decl-02-geometria,fronteira,526,3801,E3,,,,,,,,,ok,aurc_sentence_length,0.1218
gliner-base,conll2003,decl-02-geometria,fronteira,526,3801,E3,,,,,,,,,ok,aurc_span_mass,0.2014
gliner-base,conll2003,decl-02-geometria,fronteira,526,3801,E3,,,,,,,,,ok,aurc_model_confidence,0.0364
gliner-base,conll2003,decl-02-geometria,sem_par,2713,3801,E1,span_mass,geometric_fraction,0.4074,0.403,0.0045,0.0008,0.0081,0.0,ok,,
gliner-base,conll2003,decl-02-geometria,sem_par,2713,3801,E2,model_confidence+enrichment,model_confidence,0.1435,0.1435,0.0,0.0,0.0,0.0,ok,,
gliner-base,conll2003,decl-02-geometria,sem_par,2713,3801,E3,,,,,,,,,ok,aurc_acaso,0.4187
gliner-base,conll2003,decl-02-geometria,sem_par,2713,3801,E3,,,,,,,,,ok,aurc_span_size,0.3419
gliner-base,conll2003,decl-02-geometria,sem_par,2713,3801,E3,,,,,,,,,ok,aurc_geometric_fraction,0.403
gliner-base,conll2003,decl-02-geometria,sem_par,2713,3801,E3,,,,,,,,,ok,aurc_enrichment,0.4435
gliner-base,conll2003,decl-02-geometria,sem_par,2713,3801,E3,,,,,,,,,ok,aurc_geometric_residual,0.4254
gliner-base,conll2003,decl-02-geometria,sem_par,2713,3801,E3,,,,,,,,,ok,aurc_sentence_length,0.3748
gliner-base,conll2003,decl-02-geometria,sem_par,2713,3801,E3,,,,,,,,,ok,aurc_span_mass,0.4074
gliner-base,conll2003,decl-02-geometria,sem_par,2713,3801,E3,,,,,,,,,ok,aurc_model_confidence,0.1435
gliner-large,genia,decl-04-escala,rotulo,408,3100,E1,span_mass,geometric_fraction,0.122,0.1271,-0.005,-0.0075,-0.0022,0.0,ok,,
gliner-large,genia,decl-04-escala,rotulo,408,3100,E2,model_confidence+enrichment,model_confidence,0.0755,0.0786,-0.0032,-0.0151,0.009,0.0,ok,,
gliner-large,genia,decl-04-escala,rotulo,408,3100,E3,,,,,,,,,ok,aurc_acaso,0.1122
gliner-large,genia,decl-04-escala,rotulo,408,3100,E3,,,,,,,,,ok,aurc_span_size,0.1164
gliner-large,genia,decl-04-escala,rotulo,408,3100,E3,,,,,,,,,ok,aurc_geometric_fraction,0.1271
gliner-large,genia,decl-04-escala,rotulo,408,3100,E3,,,,,,,,,ok,aurc_enrichment,0.0982
gliner-large,genia,decl-04-escala,rotulo,408,3100,E3,,,,,,,,,ok,aurc_geometric_residual,0.0952
gliner-large,genia,decl-04-escala,rotulo,408,3100,E3,,,,,,,,,ok,aurc_sentence_length,0.0952
gliner-large,genia,decl-04-escala,rotulo,408,3100,E3,,,,,,,,,ok,aurc_span_mass,0.122
gliner-large,genia,decl-04-escala,rotulo,408,3100,E3,,,,,,,,,ok,aurc_model_confidence,0.0786
gliner-large,genia,decl-04-escala,fronteira,716,3100,E1,span_mass,geometric_fraction,0.1821,0.1813,0.0008,-0.0021,0.0036,0.0,ok,,
gliner-large,genia,decl-04-escala,fronteira,716,3100,E2,model_confidence+enrichment,model_confidence,0.0918,0.0918,0.0,0.0,0.0,0.0,ok,,
gliner-large,genia,decl-04-escala,fronteira,716,3100,E3,,,,,,,,,ok,aurc_acaso,0.1817
gliner-large,genia,decl-04-escala,fronteira,716,3100,E3,,,,,,,,,ok,aurc_span_size,0.1977
gliner-large,genia,decl-04-escala,fronteira,716,3100,E3,,,,,,,,,ok,aurc_geometric_fraction,0.1813
gliner-large,genia,decl-04-escala,fronteira,716,3100,E3,,,,,,,,,ok,aurc_enrichment,0.1949
gliner-large,genia,decl-04-escala,fronteira,716,3100,E3,,,,,,,,,ok,aurc_geometric_residual,0.1901
gliner-large,genia,decl-04-escala,fronteira,716,3100,E3,,,,,,,,,ok,aurc_sentence_length,0.1921
gliner-large,genia,decl-04-escala,fronteira,716,3100,E3,,,,,,,,,ok,aurc_span_mass,0.1821
gliner-large,genia,decl-04-escala,fronteira,716,3100,E3,,,,,,,,,ok,aurc_model_confidence,0.0918
gliner-large,genia,decl-04-escala,sem_par,1143,3100,E1,span_mass,geometric_fraction,0.183,0.186,-0.003,-0.0057,-0.0001,0.0,ok,,
gliner-large,genia,decl-04-escala,sem_par,1143,3100,E2,model_confidence+enrichment,model_confidence,0.1622,0.1622,0.0,0.0,0.0,0.0,ok,,
gliner-large,genia,decl-04-escala,sem_par,1143,3100,E3,,,,,,,,,ok,aurc_acaso,0.2664
gliner-large,genia,decl-04-escala,sem_par,1143,3100,E3,,,,,,,,,ok,aurc_span_size,0.1706
gliner-large,genia,decl-04-escala,sem_par,1143,3100,E3,,,,,,,,,ok,aurc_geometric_fraction,0.186
gliner-large,genia,decl-04-escala,sem_par,1143,3100,E3,,,,,,,,,ok,aurc_enrichment,0.322
gliner-large,genia,decl-04-escala,sem_par,1143,3100,E3,,,,,,,,,ok,aurc_geometric_residual,0.2428
gliner-large,genia,decl-04-escala,sem_par,1143,3100,E3,,,,,,,,,ok,aurc_sentence_length,0.251
gliner-large,genia,decl-04-escala,sem_par,1143,3100,E3,,,,,,,,,ok,aurc_span_mass,0.183
gliner-large,genia,decl-04-escala,sem_par,1143,3100,E3,,,,,,,,,ok,aurc_model_confidence,0.1622
gliner-large,conll2003,decl-04-escala,rotulo,992,3904,E1,span_mass,geometric_fraction,0.2557,0.2563,-0.0006,-0.0031,0.002,0.0,ok,,
gliner-large,conll2003,decl-04-escala,rotulo,992,3904,E2,model_confidence+enrichment,model_confidence,0.0932,0.0977,-0.0046,-0.0096,0.0005,0.0,ok,,
gliner-large,conll2003,decl-04-escala,rotulo,992,3904,E3,,,,,,,,,ok,aurc_acaso,0.2046
gliner-large,conll2003,decl-04-escala,rotulo,992,3904,E3,,,,,,,,,ok,aurc_span_size,0.153
gliner-large,conll2003,decl-04-escala,rotulo,992,3904,E3,,,,,,,,,ok,aurc_geometric_fraction,0.2563
gliner-large,conll2003,decl-04-escala,rotulo,992,3904,E3,,,,,,,,,ok,aurc_enrichment,0.1507
gliner-large,conll2003,decl-04-escala,rotulo,992,3904,E3,,,,,,,,,ok,aurc_geometric_residual,0.2063
gliner-large,conll2003,decl-04-escala,rotulo,992,3904,E3,,,,,,,,,ok,aurc_sentence_length,0.1131
gliner-large,conll2003,decl-04-escala,rotulo,992,3904,E3,,,,,,,,,ok,aurc_span_mass,0.2557
gliner-large,conll2003,decl-04-escala,rotulo,992,3904,E3,,,,,,,,,ok,aurc_model_confidence,0.0977
gliner-large,conll2003,decl-04-escala,fronteira,489,3904,E1,span_mass,geometric_fraction,0.1677,0.1606,0.007,0.0048,0.0093,0.0,ok,,
gliner-large,conll2003,decl-04-escala,fronteira,489,3904,E2,model_confidence+enrichment,model_confidence,0.0341,0.034,0.0001,-0.0006,0.0009,0.0,ok,,
gliner-large,conll2003,decl-04-escala,fronteira,489,3904,E3,,,,,,,,,ok,aurc_acaso,0.115
gliner-large,conll2003,decl-04-escala,fronteira,489,3904,E3,,,,,,,,,ok,aurc_span_size,0.183
gliner-large,conll2003,decl-04-escala,fronteira,489,3904,E3,,,,,,,,,ok,aurc_geometric_fraction,0.1606
gliner-large,conll2003,decl-04-escala,fronteira,489,3904,E3,,,,,,,,,ok,aurc_enrichment,0.0939
gliner-large,conll2003,decl-04-escala,fronteira,489,3904,E3,,,,,,,,,ok,aurc_geometric_residual,0.1642
gliner-large,conll2003,decl-04-escala,fronteira,489,3904,E3,,,,,,,,,ok,aurc_sentence_length,0.1065
gliner-large,conll2003,decl-04-escala,fronteira,489,3904,E3,,,,,,,,,ok,aurc_span_mass,0.1677
gliner-large,conll2003,decl-04-escala,fronteira,489,3904,E3,,,,,,,,,ok,aurc_model_confidence,0.034
gliner-large,conll2003,decl-04-escala,sem_par,1936,3904,E1,span_mass,geometric_fraction,0.2766,0.2796,-0.003,-0.0061,0.0004,0.0,ok,,
gliner-large,conll2003,decl-04-escala,sem_par,1936,3904,E2,model_confidence+enrichment,model_confidence,0.1152,0.1144,0.0008,-0.0018,0.0034,0.0,ok,,
gliner-large,conll2003,decl-04-escala,sem_par,1936,3904,E3,,,,,,,,,ok,aurc_acaso,0.3223
gliner-large,conll2003,decl-04-escala,sem_par,1936,3904,E3,,,,,,,,,ok,aurc_span_size,0.2412
gliner-large,conll2003,decl-04-escala,sem_par,1936,3904,E3,,,,,,,,,ok,aurc_geometric_fraction,0.2796
gliner-large,conll2003,decl-04-escala,sem_par,1936,3904,E3,,,,,,,,,ok,aurc_enrichment,0.309
gliner-large,conll2003,decl-04-escala,sem_par,1936,3904,E3,,,,,,,,,ok,aurc_geometric_residual,0.2983
gliner-large,conll2003,decl-04-escala,sem_par,1936,3904,E3,,,,,,,,,ok,aurc_sentence_length,0.2947
gliner-large,conll2003,decl-04-escala,sem_par,1936,3904,E3,,,,,,,,,ok,aurc_span_mass,0.2766
gliner-large,conll2003,decl-04-escala,sem_par,1936,3904,E3,,,,,,,,,ok,aurc_model_confidence,0.1144
gliner_base-ft-genia,genia,decl-05-ajustado-genia,rotulo,181,3979,E1,span_mass,geometric_fraction,0.0436,0.0479,-0.0043,-0.006,-0.0024,0.0,ok,,
gliner_base-ft-genia,genia,decl-05-ajustado-genia,rotulo,181,3979,E2,model_confidence+enrichment,model_confidence,0.0185,0.022,-0.0035,-0.0082,0.0014,0.0,ok,,
gliner_base-ft-genia,genia,decl-05-ajustado-genia,rotulo,181,3979,E3,,,,,,,,,ok,aurc_acaso,0.0426
gliner_base-ft-genia,genia,decl-05-ajustado-genia,rotulo,181,3979,E3,,,,,,,,,ok,aurc_span_size,0.0391
gliner_base-ft-genia,genia,decl-05-ajustado-genia,rotulo,181,3979,E3,,,,,,,,,ok,aurc_geometric_fraction,0.0479
gliner_base-ft-genia,genia,decl-05-ajustado-genia,rotulo,181,3979,E3,,,,,,,,,ok,aurc_enrichment,0.0287
gliner_base-ft-genia,genia,decl-05-ajustado-genia,rotulo,181,3979,E3,,,,,,,,,ok,aurc_geometric_residual,0.0267
gliner_base-ft-genia,genia,decl-05-ajustado-genia,rotulo,181,3979,E3,,,,,,,,,ok,aurc_sentence_length,0.0345
gliner_base-ft-genia,genia,decl-05-ajustado-genia,rotulo,181,3979,E3,,,,,,,,,ok,aurc_span_mass,0.0436
gliner_base-ft-genia,genia,decl-05-ajustado-genia,rotulo,181,3979,E3,,,,,,,,,ok,aurc_model_confidence,0.022
gliner_base-ft-genia,genia,decl-05-ajustado-genia,fronteira,465,3979,E1,span_mass,geometric_fraction,0.11,0.1088,0.0011,-0.001,0.0035,0.0,ok,,
gliner_base-ft-genia,genia,decl-05-ajustado-genia,fronteira,465,3979,E2,model_confidence+enrichment,model_confidence,0.035,0.0357,-0.0006,-0.0021,0.0007,0.0,ok,,
gliner_base-ft-genia,genia,decl-05-ajustado-genia,fronteira,465,3979,E3,,,,,,,,,ok,aurc_acaso,0.0998
gliner_base-ft-genia,genia,decl-05-ajustado-genia,fronteira,465,3979,E3,,,,,,,,,ok,aurc_span_size,0.1204
gliner_base-ft-genia,genia,decl-05-ajustado-genia,fronteira,465,3979,E3,,,,,,,,,ok,aurc_geometric_fraction,0.1088
gliner_base-ft-genia,genia,decl-05-ajustado-genia,fronteira,465,3979,E3,,,,,,,,,ok,aurc_enrichment,0.0961
gliner_base-ft-genia,genia,decl-05-ajustado-genia,fronteira,465,3979,E3,,,,,,,,,ok,aurc_geometric_residual,0.112
gliner_base-ft-genia,genia,decl-05-ajustado-genia,fronteira,465,3979,E3,,,,,,,,,ok,aurc_sentence_length,0.1076
gliner_base-ft-genia,genia,decl-05-ajustado-genia,fronteira,465,3979,E3,,,,,,,,,ok,aurc_span_mass,0.11
gliner_base-ft-genia,genia,decl-05-ajustado-genia,fronteira,465,3979,E3,,,,,,,,,ok,aurc_model_confidence,0.0357
gliner_base-ft-genia,genia,decl-05-ajustado-genia,sem_par,651,3979,E1,span_mass,geometric_fraction,0.1149,0.1161,-0.0012,-0.0038,0.0013,0.0,ok,,
gliner_base-ft-genia,genia,decl-05-ajustado-genia,sem_par,651,3979,E2,model_confidence+enrichment,model_confidence,0.0556,0.0551,0.0005,-0.0001,0.0012,0.0,ok,,
gliner_base-ft-genia,genia,decl-05-ajustado-genia,sem_par,651,3979,E3,,,,,,,,,ok,aurc_acaso,0.1369
gliner_base-ft-genia,genia,decl-05-ajustado-genia,sem_par,651,3979,E3,,,,,,,,,ok,aurc_span_size,0.1062
gliner_base-ft-genia,genia,decl-05-ajustado-genia,sem_par,651,3979,E3,,,,,,,,,ok,aurc_geometric_fraction,0.1161
gliner_base-ft-genia,genia,decl-05-ajustado-genia,sem_par,651,3979,E3,,,,,,,,,ok,aurc_enrichment,0.1477
gliner_base-ft-genia,genia,decl-05-ajustado-genia,sem_par,651,3979,E3,,,,,,,,,ok,aurc_geometric_residual,0.1374
gliner_base-ft-genia,genia,decl-05-ajustado-genia,sem_par,651,3979,E3,,,,,,,,,ok,aurc_sentence_length,0.1173
gliner_base-ft-genia,genia,decl-05-ajustado-genia,sem_par,651,3979,E3,,,,,,,,,ok,aurc_span_mass,0.1149
gliner_base-ft-genia,genia,decl-05-ajustado-genia,sem_par,651,3979,E3,,,,,,,,,ok,aurc_model_confidence,0.0551
gliner_base-ft-conll2003,conll2003,decl-06-ajustado-conll,rotulo,239,5239,E1,span_mass,geometric_fraction,0.0477,0.0477,-0.0,-0.0016,0.0017,0.0,ok,,
gliner_base-ft-conll2003,conll2003,decl-06-ajustado-conll,rotulo,239,5239,E2,model_confidence+enrichment,model_confidence,0.0214,0.0214,0.0,0.0,0.0,0.0,ok,,
gliner_base-ft-conll2003,conll2003,decl-06-ajustado-conll,rotulo,239,5239,E3,,,,,,,,,ok,aurc_acaso,0.0426
gliner_base-ft-conll2003,conll2003,decl-06-ajustado-conll,rotulo,239,5239,E3,,,,,,,,,ok,aurc_span_size,0.044
gliner_base-ft-conll2003,conll2003,decl-06-ajustado-conll,rotulo,239,5239,E3,,,,,,,,,ok,aurc_geometric_fraction,0.0477
gliner_base-ft-conll2003,conll2003,decl-06-ajustado-conll,rotulo,239,5239,E3,,,,,,,,,ok,aurc_enrichment,0.0413
gliner_base-ft-conll2003,conll2003,decl-06-ajustado-conll,rotulo,239,5239,E3,,,,,,,,,ok,aurc_geometric_residual,0.0459
gliner_base-ft-conll2003,conll2003,decl-06-ajustado-conll,rotulo,239,5239,E3,,,,,,,,,ok,aurc_sentence_length,0.0406
gliner_base-ft-conll2003,conll2003,decl-06-ajustado-conll,rotulo,239,5239,E3,,,,,,,,,ok,aurc_span_mass,0.0477
gliner_base-ft-conll2003,conll2003,decl-06-ajustado-conll,rotulo,239,5239,E3,,,,,,,,,ok,aurc_model_confidence,0.0214
gliner_base-ft-conll2003,conll2003,decl-06-ajustado-conll,fronteira,108,5239,E1,span_mass,geometric_fraction,0.0395,0.0373,0.0022,0.0005,0.0041,0.0,ok,,
gliner_base-ft-conll2003,conll2003,decl-06-ajustado-conll,fronteira,108,5239,E2,model_confidence+enrichment,model_confidence,0.0105,0.0105,0.0,0.0,0.0,0.0,ok,,
gliner_base-ft-conll2003,conll2003,decl-06-ajustado-conll,fronteira,108,5239,E3,,,,,,,,,ok,aurc_acaso,0.0208
gliner_base-ft-conll2003,conll2003,decl-06-ajustado-conll,fronteira,108,5239,E3,,,,,,,,,ok,aurc_span_size,0.0399
gliner_base-ft-conll2003,conll2003,decl-06-ajustado-conll,fronteira,108,5239,E3,,,,,,,,,ok,aurc_geometric_fraction,0.0373
gliner_base-ft-conll2003,conll2003,decl-06-ajustado-conll,fronteira,108,5239,E3,,,,,,,,,ok,aurc_enrichment,0.0178
gliner_base-ft-conll2003,conll2003,decl-06-ajustado-conll,fronteira,108,5239,E3,,,,,,,,,ok,aurc_geometric_residual,0.0366
gliner_base-ft-conll2003,conll2003,decl-06-ajustado-conll,fronteira,108,5239,E3,,,,,,,,,ok,aurc_sentence_length,0.0177
gliner_base-ft-conll2003,conll2003,decl-06-ajustado-conll,fronteira,108,5239,E3,,,,,,,,,ok,aurc_span_mass,0.0395
gliner_base-ft-conll2003,conll2003,decl-06-ajustado-conll,fronteira,108,5239,E3,,,,,,,,,ok,aurc_model_confidence,0.0105
gliner_base-ft-conll2003,conll2003,decl-06-ajustado-conll,sem_par,253,5239,E1,span_mass,geometric_fraction,0.0834,0.0876,-0.0043,-0.0084,-0.0007,0.0,ok,,
gliner_base-ft-conll2003,conll2003,decl-06-ajustado-conll,sem_par,253,5239,E2,model_confidence+enrichment,model_confidence,0.0158,0.0158,0.0,0.0,0.0,0.0,ok,,
gliner_base-ft-conll2003,conll2003,decl-06-ajustado-conll,sem_par,253,5239,E3,,,,,,,,,ok,aurc_acaso,0.0476
gliner_base-ft-conll2003,conll2003,decl-06-ajustado-conll,sem_par,253,5239,E3,,,,,,,,,ok,aurc_span_size,0.0509
gliner_base-ft-conll2003,conll2003,decl-06-ajustado-conll,sem_par,253,5239,E3,,,,,,,,,ok,aurc_geometric_fraction,0.0876
gliner_base-ft-conll2003,conll2003,decl-06-ajustado-conll,sem_par,253,5239,E3,,,,,,,,,ok,aurc_enrichment,0.0429
gliner_base-ft-conll2003,conll2003,decl-06-ajustado-conll,sem_par,253,5239,E3,,,,,,,,,ok,aurc_geometric_residual,0.0562
gliner_base-ft-conll2003,conll2003,decl-06-ajustado-conll,sem_par,253,5239,E3,,,,,,,,,ok,aurc_sentence_length,0.0305
gliner_base-ft-conll2003,conll2003,decl-06-ajustado-conll,sem_par,253,5239,E3,,,,,,,,,ok,aurc_span_mass,0.0834
gliner_base-ft-conll2003,conll2003,decl-06-ajustado-conll,sem_par,253,5239,E3,,,,,,,,,ok,aurc_model_confidence,0.0158
qwen05b-ft-genia,genia,decl-10-decoder-05b-genia,rotulo,165,4175,E1,span_mass,geometric_fraction,0.0369,0.0369,-0.0,-0.0028,0.0029,0.0,ok,,
qwen05b-ft-genia,genia,decl-10-decoder-05b-genia,rotulo,165,4175,E2,model_confidence+enrichment,model_confidence,0.042,0.0322,0.0099,0.0005,0.0195,0.0,ok,,
qwen05b-ft-genia,genia,decl-10-decoder-05b-genia,rotulo,165,4175,E3,,,,,,,,,ok,aurc_acaso,0.0368
qwen05b-ft-genia,genia,decl-10-decoder-05b-genia,rotulo,165,4175,E3,,,,,,,,,ok,aurc_span_size,0.0457
qwen05b-ft-genia,genia,decl-10-decoder-05b-genia,rotulo,165,4175,E3,,,,,,,,,ok,aurc_geometric_fraction,0.0421
qwen05b-ft-genia,genia,decl-10-decoder-05b-genia,rotulo,165,4175,E3,,,,,,,,,ok,aurc_sentence_length,0.0402
qwen05b-ft-genia,genia,decl-10-decoder-05b-genia,rotulo,165,4175,E3,,,,,,,,,ok,aurc_row_entropy_causal,0.0387
qwen05b-ft-genia,genia,decl-10-decoder-05b-genia,rotulo,165,4175,E3,,,,,,,,,ok,aurc_row_max_causal,0.0394
qwen05b-ft-genia,genia,decl-10-decoder-05b-genia,rotulo,165,4175,E3,,,,,,,,,ok,aurc_hidden_norm,0.0317
qwen05b-ft-genia,genia,decl-10-decoder-05b-genia,rotulo,165,4175,E3,,,,,,,,,ok,aurc_hidden_dist_centroide,0.0409
qwen05b-ft-genia,genia,decl-10-decoder-05b-genia,rotulo,165,4175,E3,,,,,,,,,ok,aurc_hidden_delta_camadas,0.0332
qwen05b-ft-genia,genia,decl-10-decoder-05b-genia,rotulo,165,4175,E3,,,,,,,,,ok,aurc_sonda_ocultos,0.0132
qwen05b-ft-genia,genia,decl-10-decoder-05b-genia,rotulo,165,4175,E3,,,,,,,,,ok,aurc_sonda_atencao_cabecas,0.0156
qwen05b-ft-genia,genia,decl-10-decoder-05b-genia,rotulo,165,4175,E3,,,,,,,,,ok,aurc_span_mass,0.0419
qwen05b-ft-genia,genia,decl-10-decoder-05b-genia,rotulo,165,4175,E3,,,,,,,,,ok,aurc_model_confidence,0.0322
qwen05b-ft-genia,genia,decl-10-decoder-05b-genia,fronteira,529,4175,E1,span_mass,geometric_fraction,0.0992,0.0995,-0.0003,-0.0062,0.0058,0.0,ok,,
qwen05b-ft-genia,genia,decl-10-decoder-05b-genia,fronteira,529,4175,E2,model_confidence+enrichment,model_confidence,0.0671,0.0658,0.0013,-0.0053,0.0082,0.0,ok,,
qwen05b-ft-genia,genia,decl-10-decoder-05b-genia,fronteira,529,4175,E3,,,,,,,,,ok,aurc_acaso,0.1131
qwen05b-ft-genia,genia,decl-10-decoder-05b-genia,fronteira,529,4175,E3,,,,,,,,,ok,aurc_span_size,0.1443
qwen05b-ft-genia,genia,decl-10-decoder-05b-genia,fronteira,529,4175,E3,,,,,,,,,ok,aurc_geometric_fraction,0.132
qwen05b-ft-genia,genia,decl-10-decoder-05b-genia,fronteira,529,4175,E3,,,,,,,,,ok,aurc_sentence_length,0.1207
qwen05b-ft-genia,genia,decl-10-decoder-05b-genia,fronteira,529,4175,E3,,,,,,,,,ok,aurc_row_entropy_causal,0.1124
qwen05b-ft-genia,genia,decl-10-decoder-05b-genia,fronteira,529,4175,E3,,,,,,,,,ok,aurc_row_max_causal,0.1024
qwen05b-ft-genia,genia,decl-10-decoder-05b-genia,fronteira,529,4175,E3,,,,,,,,,ok,aurc_hidden_norm,0.1184
qwen05b-ft-genia,genia,decl-10-decoder-05b-genia,fronteira,529,4175,E3,,,,,,,,,ok,aurc_hidden_dist_centroide,0.0895
qwen05b-ft-genia,genia,decl-10-decoder-05b-genia,fronteira,529,4175,E3,,,,,,,,,ok,aurc_hidden_delta_camadas,0.1193
qwen05b-ft-genia,genia,decl-10-decoder-05b-genia,fronteira,529,4175,E3,,,,,,,,,ok,aurc_sonda_ocultos,0.054
qwen05b-ft-genia,genia,decl-10-decoder-05b-genia,fronteira,529,4175,E3,,,,,,,,,ok,aurc_sonda_atencao_cabecas,0.0631
qwen05b-ft-genia,genia,decl-10-decoder-05b-genia,fronteira,529,4175,E3,,,,,,,,,ok,aurc_span_mass,0.1412
qwen05b-ft-genia,genia,decl-10-decoder-05b-genia,fronteira,529,4175,E3,,,,,,,,,ok,aurc_model_confidence,0.0658
qwen05b-ft-genia,genia,decl-10-decoder-05b-genia,sem_par,679,4175,E1,span_mass,geometric_fraction,0.1285,0.1413,-0.0128,-0.0183,-0.0073,0.0,ok,,
qwen05b-ft-genia,genia,decl-10-decoder-05b-genia,sem_par,679,4175,E2,model_confidence+enrichment,model_confidence,0.0735,0.0679,0.0056,0.0004,0.0116,0.0,ok,,
qwen05b-ft-genia,genia,decl-10-decoder-05b-genia,sem_par,679,4175,E3,,,,,,,,,ok,aurc_acaso,0.1401
qwen05b-ft-genia,genia,decl-10-decoder-05b-genia,sem_par,679,4175,E3,,,,,,,,,ok,aurc_span_size,0.1211
qwen05b-ft-genia,genia,decl-10-decoder-05b-genia,sem_par,679,4175,E3,,,,,,,,,ok,aurc_geometric_fraction,0.1413
qwen05b-ft-genia,genia,decl-10-decoder-05b-genia,sem_par,679,4175,E3,,,,,,,,,ok,aurc_sentence_length,0.1291
qwen05b-ft-genia,genia,decl-10-decoder-05b-genia,sem_par,679,4175,E3,,,,,,,,,ok,aurc_row_entropy_causal,0.1193
qwen05b-ft-genia,genia,decl-10-decoder-05b-genia,sem_par,679,4175,E3,,,,,,,,,ok,aurc_row_max_causal,0.1821
qwen05b-ft-genia,genia,decl-10-decoder-05b-genia,sem_par,679,4175,E3,,,,,,,,,ok,aurc_hidden_norm,0.2008
qwen05b-ft-genia,genia,decl-10-decoder-05b-genia,sem_par,679,4175,E3,,,,,,,,,ok,aurc_hidden_dist_centroide,0.1842
qwen05b-ft-genia,genia,decl-10-decoder-05b-genia,sem_par,679,4175,E3,,,,,,,,,ok,aurc_hidden_delta_camadas,0.1898
qwen05b-ft-genia,genia,decl-10-decoder-05b-genia,sem_par,679,4175,E3,,,,,,,,,ok,aurc_sonda_ocultos,0.0443
qwen05b-ft-genia,genia,decl-10-decoder-05b-genia,sem_par,679,4175,E3,,,,,,,,,ok,aurc_sonda_atencao_cabecas,0.0582
qwen05b-ft-genia,genia,decl-10-decoder-05b-genia,sem_par,679,4175,E3,,,,,,,,,ok,aurc_span_mass,0.1285
qwen05b-ft-genia,genia,decl-10-decoder-05b-genia,sem_par,679,4175,E3,,,,,,,,,ok,aurc_model_confidence,0.0679
qwen05b-ft-conll2003,conll2003,decl-11-decoder-05b-conll,rotulo,230,5141,E1,span_mass,geometric_fraction,0.0376,0.0399,-0.0022,-0.015,0.0099,0.0,ok,,
qwen05b-ft-conll2003,conll2003,decl-11-decoder-05b-conll,rotulo,230,5141,E2,model_confidence+enrichment,model_confidence,0.0255,0.0255,0.0,0.0,0.0,0.0,ok,,
qwen05b-ft-conll2003,conll2003,decl-11-decoder-05b-conll,rotulo,230,5141,E3,,,,,,,,,ok,aurc_acaso,0.0396
qwen05b-ft-conll2003,conll2003,decl-11-decoder-05b-conll,rotulo,230,5141,E3,,,,,,,,,ok,aurc_span_size,0.0345
qwen05b-ft-conll2003,conll2003,decl-11-decoder-05b-conll,rotulo,230,5141,E3,,,,,,,,,ok,aurc_geometric_fraction,0.0379
qwen05b-ft-conll2003,conll2003,decl-11-decoder-05b-conll,rotulo,230,5141,E3,,,,,,,,,ok,aurc_sentence_length,0.0372
qwen05b-ft-conll2003,conll2003,decl-11-decoder-05b-conll,rotulo,230,5141,E3,,,,,,,,,ok,aurc_row_entropy_causal,0.0371
qwen05b-ft-conll2003,conll2003,decl-11-decoder-05b-conll,rotulo,230,5141,E3,,,,,,,,,ok,aurc_row_max_causal,0.0462
qwen05b-ft-conll2003,conll2003,decl-11-decoder-05b-conll,rotulo,230,5141,E3,,,,,,,,,ok,aurc_hidden_norm,0.0446
qwen05b-ft-conll2003,conll2003,decl-11-decoder-05b-conll,rotulo,230,5141,E3,,,,,,,,,ok,aurc_hidden_dist_centroide,0.0531
qwen05b-ft-conll2003,conll2003,decl-11-decoder-05b-conll,rotulo,230,5141,E3,,,,,,,,,ok,aurc_hidden_delta_camadas,0.0445
qwen05b-ft-conll2003,conll2003,decl-11-decoder-05b-conll,rotulo,230,5141,E3,,,,,,,,,ok,aurc_sonda_ocultos,0.0104
qwen05b-ft-conll2003,conll2003,decl-11-decoder-05b-conll,rotulo,230,5141,E3,,,,,,,,,ok,aurc_sonda_atencao_cabecas,0.0177
qwen05b-ft-conll2003,conll2003,decl-11-decoder-05b-conll,rotulo,230,5141,E3,,,,,,,,,ok,aurc_span_mass,0.0376
qwen05b-ft-conll2003,conll2003,decl-11-decoder-05b-conll,rotulo,230,5141,E3,,,,,,,,,ok,aurc_model_confidence,0.0255
qwen05b-ft-conll2003,conll2003,decl-11-decoder-05b-conll,fronteira,161,5141,E1,span_mass,geometric_fraction,0.0245,0.0254,-0.0009,-0.003,0.0013,0.0,ok,,
qwen05b-ft-conll2003,conll2003,decl-11-decoder-05b-conll,fronteira,161,5141,E2,model_confidence+enrichment,model_confidence,0.0153,0.0122,0.0031,0.0,0.0066,0.0,ok,,
qwen05b-ft-conll2003,conll2003,decl-11-decoder-05b-conll,fronteira,161,5141,E3,,,,,,,,,ok,aurc_acaso,0.028
qwen05b-ft-conll2003,conll2003,decl-11-decoder-05b-conll,fronteira,161,5141,E3,,,,,,,,,ok,aurc_span_size,0.0406
qwen05b-ft-conll2003,conll2003,decl-11-decoder-05b-conll,fronteira,161,5141,E3,,,,,,,,,ok,aurc_geometric_fraction,0.0386
qwen05b-ft-conll2003,conll2003,decl-11-decoder-05b-conll,fronteira,161,5141,E3,,,,,,,,,ok,aurc_sentence_length,0.0278
qwen05b-ft-conll2003,conll2003,decl-11-decoder-05b-conll,fronteira,161,5141,E3,,,,,,,,,ok,aurc_row_entropy_causal,0.0304
qwen05b-ft-conll2003,conll2003,decl-11-decoder-05b-conll,fronteira,161,5141,E3,,,,,,,,,ok,aurc_row_max_causal,0.0197
qwen05b-ft-conll2003,conll2003,decl-11-decoder-05b-conll,fronteira,161,5141,E3,,,,,,,,,ok,aurc_hidden_norm,0.0351
qwen05b-ft-conll2003,conll2003,decl-11-decoder-05b-conll,fronteira,161,5141,E3,,,,,,,,,ok,aurc_hidden_dist_centroide,0.0158
qwen05b-ft-conll2003,conll2003,decl-11-decoder-05b-conll,fronteira,161,5141,E3,,,,,,,,,ok,aurc_hidden_delta_camadas,0.035
qwen05b-ft-conll2003,conll2003,decl-11-decoder-05b-conll,fronteira,161,5141,E3,,,,,,,,,ok,aurc_sonda_ocultos,0.0095
qwen05b-ft-conll2003,conll2003,decl-11-decoder-05b-conll,fronteira,161,5141,E3,,,,,,,,,ok,aurc_sonda_atencao_cabecas,0.0087
qwen05b-ft-conll2003,conll2003,decl-11-decoder-05b-conll,fronteira,161,5141,E3,,,,,,,,,ok,aurc_span_mass,0.0435
qwen05b-ft-conll2003,conll2003,decl-11-decoder-05b-conll,fronteira,161,5141,E3,,,,,,,,,ok,aurc_model_confidence,0.0122
qwen05b-ft-conll2003,conll2003,decl-11-decoder-05b-conll,sem_par,792,5141,E1,span_mass,geometric_fraction,0.1042,0.079,0.0251,0.0199,0.0306,0.0,ok,,
qwen05b-ft-conll2003,conll2003,decl-11-decoder-05b-conll,sem_par,792,5141,E2,model_confidence+enrichment,model_confidence,0.0264,0.0265,-0.0001,-0.0034,0.0036,0.0,ok,,
qwen05b-ft-conll2003,conll2003,decl-11-decoder-05b-conll,sem_par,792,5141,E3,,,,,,,,,ok,aurc_acaso,0.1311
qwen05b-ft-conll2003,conll2003,decl-11-decoder-05b-conll,sem_par,792,5141,E3,,,,,,,,,ok,aurc_span_size,0.1323
qwen05b-ft-conll2003,conll2003,decl-11-decoder-05b-conll,sem_par,792,5141,E3,,,,,,,,,ok,aurc_geometric_fraction,0.1724
qwen05b-ft-conll2003,conll2003,decl-11-decoder-05b-conll,sem_par,792,5141,E3,,,,,,,,,ok,aurc_sentence_length,0.0727
qwen05b-ft-conll2003,conll2003,decl-11-decoder-05b-conll,sem_par,792,5141,E3,,,,,,,,,ok,aurc_row_entropy_causal,0.0771
qwen05b-ft-conll2003,conll2003,decl-11-decoder-05b-conll,sem_par,792,5141,E3,,,,,,,,,ok,aurc_row_max_causal,0.228
qwen05b-ft-conll2003,conll2003,decl-11-decoder-05b-conll,sem_par,792,5141,E3,,,,,,,,,ok,aurc_hidden_norm,0.267
qwen05b-ft-conll2003,conll2003,decl-11-decoder-05b-conll,sem_par,792,5141,E3,,,,,,,,,ok,aurc_hidden_dist_centroide,0.1457
qwen05b-ft-conll2003,conll2003,decl-11-decoder-05b-conll,sem_par,792,5141,E3,,,,,,,,,ok,aurc_hidden_delta_camadas,0.2761
qwen05b-ft-conll2003,conll2003,decl-11-decoder-05b-conll,sem_par,792,5141,E3,,,,,,,,,ok,aurc_sonda_ocultos,0.015
qwen05b-ft-conll2003,conll2003,decl-11-decoder-05b-conll,sem_par,792,5141,E3,,,,,,,,,ok,aurc_sonda_atencao_cabecas,0.0182
qwen05b-ft-conll2003,conll2003,decl-11-decoder-05b-conll,sem_par,792,5141,E3,,,,,,,,,ok,aurc_span_mass,0.1574
qwen05b-ft-conll2003,conll2003,decl-11-decoder-05b-conll,sem_par,792,5141,E3,,,,,,,,,ok,aurc_model_confidence,0.0265
qwen15b-ft-genia,genia,decl-12-decoder-15b-genia,rotulo,184,4189,E1,span_mass,geometric_fraction,0.0484,0.051,-0.0026,-0.0065,0.0014,0.0,ok,,
qwen15b-ft-genia,genia,decl-12-decoder-15b-genia,rotulo,184,4189,E2,model_confidence+enrichment,model_confidence,0.0408,0.0408,0.0,0.0,0.0,0.0,ok,,
qwen15b-ft-genia,genia,decl-12-decoder-15b-genia,rotulo,184,4189,E3,,,,,,,,,ok,aurc_acaso,0.0418
qwen15b-ft-genia,genia,decl-12-decoder-15b-genia,rotulo,184,4189,E3,,,,,,,,,ok,aurc_span_size,0.0506
qwen15b-ft-genia,genia,decl-12-decoder-15b-genia,rotulo,184,4189,E3,,,,,,,,,ok,aurc_geometric_fraction,0.051
qwen15b-ft-genia,genia,decl-12-decoder-15b-genia,rotulo,184,4189,E3,,,,,,,,,ok,aurc_sentence_length,0.0386
qwen15b-ft-genia,genia,decl-12-decoder-15b-genia,rotulo,184,4189,E3,,,,,,,,,ok,aurc_row_entropy_causal,0.0383
qwen15b-ft-genia,genia,decl-12-decoder-15b-genia,rotulo,184,4189,E3,,,,,,,,,ok,aurc_row_max_causal,0.048
qwen15b-ft-genia,genia,decl-12-decoder-15b-genia,rotulo,184,4189,E3,,,,,,,,,ok,aurc_hidden_norm,0.0402
qwen15b-ft-genia,genia,decl-12-decoder-15b-genia,rotulo,184,4189,E3,,,,,,,,,ok,aurc_hidden_dist_centroide,0.0461
qwen15b-ft-genia,genia,decl-12-decoder-15b-genia,rotulo,184,4189,E3,,,,,,,,,ok,aurc_hidden_delta_camadas,0.0466
qwen15b-ft-genia,genia,decl-12-decoder-15b-genia,rotulo,184,4189,E3,,,,,,,,,ok,aurc_sonda_ocultos,0.0132
qwen15b-ft-genia,genia,decl-12-decoder-15b-genia,rotulo,184,4189,E3,,,,,,,,,ok,aurc_sonda_atencao_cabecas,0.0169
qwen15b-ft-genia,genia,decl-12-decoder-15b-genia,rotulo,184,4189,E3,,,,,,,,,ok,aurc_span_mass,0.0484
qwen15b-ft-genia,genia,decl-12-decoder-15b-genia,rotulo,184,4189,E3,,,,,,,,,ok,aurc_model_confidence,0.0408
qwen15b-ft-genia,genia,decl-12-decoder-15b-genia,fronteira,531,4189,E1,span_mass,geometric_fraction,0.0905,0.0945,-0.0039,-0.0095,0.0027,0.0,ok,,
qwen15b-ft-genia,genia,decl-12-decoder-15b-genia,fronteira,531,4189,E2,model_confidence+enrichment,model_confidence,0.064,0.0656,-0.0016,-0.0073,0.0032,0.0,ok,,
qwen15b-ft-genia,genia,decl-12-decoder-15b-genia,fronteira,531,4189,E3,,,,,,,,,ok,aurc_acaso,0.1112
qwen15b-ft-genia,genia,decl-12-decoder-15b-genia,fronteira,531,4189,E3,,,,,,,,,ok,aurc_span_size,0.1389
qwen15b-ft-genia,genia,decl-12-decoder-15b-genia,fronteira,531,4189,E3,,,,,,,,,ok,aurc_geometric_fraction,0.1206
qwen15b-ft-genia,genia,decl-12-decoder-15b-genia,fronteira,531,4189,E3,,,,,,,,,ok,aurc_sentence_length,0.1112
qwen15b-ft-genia,genia,decl-12-decoder-15b-genia,fronteira,531,4189,E3,,,,,,,,,ok,aurc_row_entropy_causal,0.1122
qwen15b-ft-genia,genia,decl-12-decoder-15b-genia,fronteira,531,4189,E3,,,,,,,,,ok,aurc_row_max_causal,0.0979
qwen15b-ft-genia,genia,decl-12-decoder-15b-genia,fronteira,531,4189,E3,,,,,,,,,ok,aurc_hidden_norm,0.1358
qwen15b-ft-genia,genia,decl-12-decoder-15b-genia,fronteira,531,4189,E3,,,,,,,,,ok,aurc_hidden_dist_centroide,0.0798
qwen15b-ft-genia,genia,decl-12-decoder-15b-genia,fronteira,531,4189,E3,,,,,,,,,ok,aurc_hidden_delta_camadas,0.1045
qwen15b-ft-genia,genia,decl-12-decoder-15b-genia,fronteira,531,4189,E3,,,,,,,,,ok,aurc_sonda_ocultos,0.0541
qwen15b-ft-genia,genia,decl-12-decoder-15b-genia,fronteira,531,4189,E3,,,,,,,,,ok,aurc_sonda_atencao_cabecas,0.0508
qwen15b-ft-genia,genia,decl-12-decoder-15b-genia,fronteira,531,4189,E3,,,,,,,,,ok,aurc_span_mass,0.1373
qwen15b-ft-genia,genia,decl-12-decoder-15b-genia,fronteira,531,4189,E3,,,,,,,,,ok,aurc_model_confidence,0.0656
qwen15b-ft-genia,genia,decl-12-decoder-15b-genia,sem_par,675,4189,E1,span_mass,geometric_fraction,0.1331,0.1449,-0.0117,-0.0171,-0.0064,0.0,ok,,
qwen15b-ft-genia,genia,decl-12-decoder-15b-genia,sem_par,675,4189,E2,model_confidence+enrichment,model_confidence,0.0695,0.0645,0.005,-0.0003,0.0103,0.0,ok,,
qwen15b-ft-genia,genia,decl-12-decoder-15b-genia,sem_par,675,4189,E3,,,,,,,,,ok,aurc_acaso,0.1323
qwen15b-ft-genia,genia,decl-12-decoder-15b-genia,sem_par,675,4189,E3,,,,,,,,,ok,aurc_span_size,0.1156
qwen15b-ft-genia,genia,decl-12-decoder-15b-genia,sem_par,675,4189,E3,,,,,,,,,ok,aurc_geometric_fraction,0.1449
qwen15b-ft-genia,genia,decl-12-decoder-15b-genia,sem_par,675,4189,E3,,,,,,,,,ok,aurc_sentence_length,0.1136
qwen15b-ft-genia,genia,decl-12-decoder-15b-genia,sem_par,675,4189,E3,,,,,,,,,ok,aurc_row_entropy_causal,0.1152
qwen15b-ft-genia,genia,decl-12-decoder-15b-genia,sem_par,675,4189,E3,,,,,,,,,ok,aurc_row_max_causal,0.1712
qwen15b-ft-genia,genia,decl-12-decoder-15b-genia,sem_par,675,4189,E3,,,,,,,,,ok,aurc_hidden_norm,0.2314
qwen15b-ft-genia,genia,decl-12-decoder-15b-genia,sem_par,675,4189,E3,,,,,,,,,ok,aurc_hidden_dist_centroide,0.1534
qwen15b-ft-genia,genia,decl-12-decoder-15b-genia,sem_par,675,4189,E3,,,,,,,,,ok,aurc_hidden_delta_camadas,0.1618
qwen15b-ft-genia,genia,decl-12-decoder-15b-genia,sem_par,675,4189,E3,,,,,,,,,ok,aurc_sonda_ocultos,0.0418
qwen15b-ft-genia,genia,decl-12-decoder-15b-genia,sem_par,675,4189,E3,,,,,,,,,ok,aurc_sonda_atencao_cabecas,0.0602
qwen15b-ft-genia,genia,decl-12-decoder-15b-genia,sem_par,675,4189,E3,,,,,,,,,ok,aurc_span_mass,0.1331
qwen15b-ft-genia,genia,decl-12-decoder-15b-genia,sem_par,675,4189,E3,,,,,,,,,ok,aurc_model_confidence,0.0645
qwen15b-ft-conll2003,conll2003,decl-13-decoder-15b-conll,rotulo,183,5200,E1,span_mass,geometric_fraction,0.0348,0.0353,-0.0005,-0.0027,0.0015,0.0,ok,,
qwen15b-ft-conll2003,conll2003,decl-13-decoder-15b-conll,rotulo,183,5200,E2,model_confidence+enrichment,model_confidence,0.0286,0.0286,0.0,0.0,0.0,0.0,ok,,
qwen15b-ft-conll2003,conll2003,decl-13-decoder-15b-conll,rotulo,183,5200,E3,,,,,,,,,ok,aurc_acaso,0.0326
qwen15b-ft-conll2003,conll2003,decl-13-decoder-15b-conll,rotulo,183,5200,E3,,,,,,,,,ok,aurc_span_size,0.0246
qwen15b-ft-conll2003,conll2003,decl-13-decoder-15b-conll,rotulo,183,5200,E3,,,,,,,,,ok,aurc_geometric_fraction,0.0292
qwen15b-ft-conll2003,conll2003,decl-13-decoder-15b-conll,rotulo,183,5200,E3,,,,,,,,,ok,aurc_sentence_length,0.0317
qwen15b-ft-conll2003,conll2003,decl-13-decoder-15b-conll,rotulo,183,5200,E3,,,,,,,,,ok,aurc_row_entropy_causal,0.0304
qwen15b-ft-conll2003,conll2003,decl-13-decoder-15b-conll,rotulo,183,5200,E3,,,,,,,,,ok,aurc_row_max_causal,0.0381
qwen15b-ft-conll2003,conll2003,decl-13-decoder-15b-conll,rotulo,183,5200,E3,,,,,,,,,ok,aurc_hidden_norm,0.0312
qwen15b-ft-conll2003,conll2003,decl-13-decoder-15b-conll,rotulo,183,5200,E3,,,,,,,,,ok,aurc_hidden_dist_centroide,0.0469
qwen15b-ft-conll2003,conll2003,decl-13-decoder-15b-conll,rotulo,183,5200,E3,,,,,,,,,ok,aurc_hidden_delta_camadas,0.0402
qwen15b-ft-conll2003,conll2003,decl-13-decoder-15b-conll,rotulo,183,5200,E3,,,,,,,,,ok,aurc_sonda_ocultos,0.0158
qwen15b-ft-conll2003,conll2003,decl-13-decoder-15b-conll,rotulo,183,5200,E3,,,,,,,,,ok,aurc_sonda_atencao_cabecas,0.0105
qwen15b-ft-conll2003,conll2003,decl-13-decoder-15b-conll,rotulo,183,5200,E3,,,,,,,,,ok,aurc_span_mass,0.0304
qwen15b-ft-conll2003,conll2003,decl-13-decoder-15b-conll,rotulo,183,5200,E3,,,,,,,,,ok,aurc_model_confidence,0.0286
qwen15b-ft-conll2003,conll2003,decl-13-decoder-15b-conll,fronteira,156,5200,E1,span_mass,geometric_fraction,0.0244,0.027,-0.0026,-0.0046,-0.0006,0.0,ok,,
qwen15b-ft-conll2003,conll2003,decl-13-decoder-15b-conll,fronteira,156,5200,E2,model_confidence+enrichment,model_confidence,0.0082,0.0082,0.0,0.0,0.0,0.0,ok,,
qwen15b-ft-conll2003,conll2003,decl-13-decoder-15b-conll,fronteira,156,5200,E3,,,,,,,,,ok,aurc_acaso,0.0293
qwen15b-ft-conll2003,conll2003,decl-13-decoder-15b-conll,fronteira,156,5200,E3,,,,,,,,,ok,aurc_span_size,0.0472
qwen15b-ft-conll2003,conll2003,decl-13-decoder-15b-conll,fronteira,156,5200,E3,,,,,,,,,ok,aurc_geometric_fraction,0.0443
qwen15b-ft-conll2003,conll2003,decl-13-decoder-15b-conll,fronteira,156,5200,E3,,,,,,,,,ok,aurc_sentence_length,0.0302
qwen15b-ft-conll2003,conll2003,decl-13-decoder-15b-conll,fronteira,156,5200,E3,,,,,,,,,ok,aurc_row_entropy_causal,0.0348
qwen15b-ft-conll2003,conll2003,decl-13-decoder-15b-conll,fronteira,156,5200,E3,,,,,,,,,ok,aurc_row_max_causal,0.02
qwen15b-ft-conll2003,conll2003,decl-13-decoder-15b-conll,fronteira,156,5200,E3,,,,,,,,,ok,aurc_hidden_norm,0.0289
qwen15b-ft-conll2003,conll2003,decl-13-decoder-15b-conll,fronteira,156,5200,E3,,,,,,,,,ok,aurc_hidden_dist_centroide,0.0216
qwen15b-ft-conll2003,conll2003,decl-13-decoder-15b-conll,fronteira,156,5200,E3,,,,,,,,,ok,aurc_hidden_delta_camadas,0.0263
qwen15b-ft-conll2003,conll2003,decl-13-decoder-15b-conll,fronteira,156,5200,E3,,,,,,,,,ok,aurc_sonda_ocultos,0.0094
qwen15b-ft-conll2003,conll2003,decl-13-decoder-15b-conll,fronteira,156,5200,E3,,,,,,,,,ok,aurc_sonda_atencao_cabecas,0.0082
qwen15b-ft-conll2003,conll2003,decl-13-decoder-15b-conll,fronteira,156,5200,E3,,,,,,,,,ok,aurc_span_mass,0.0531
qwen15b-ft-conll2003,conll2003,decl-13-decoder-15b-conll,fronteira,156,5200,E3,,,,,,,,,ok,aurc_model_confidence,0.0082
qwen15b-ft-conll2003,conll2003,decl-13-decoder-15b-conll,sem_par,790,5200,E1,span_mass,geometric_fraction,0.0927,0.0702,0.0225,0.0178,0.0272,0.0,ok,,
qwen15b-ft-conll2003,conll2003,decl-13-decoder-15b-conll,sem_par,790,5200,E2,model_confidence+enrichment,model_confidence,0.0205,0.0205,0.0,0.0,0.0,0.0,ok,,
qwen15b-ft-conll2003,conll2003,decl-13-decoder-15b-conll,sem_par,790,5200,E3,,,,,,,,,ok,aurc_acaso,0.1317
qwen15b-ft-conll2003,conll2003,decl-13-decoder-15b-conll,sem_par,790,5200,E3,,,,,,,,,ok,aurc_span_size,0.1422
qwen15b-ft-conll2003,conll2003,decl-13-decoder-15b-conll,sem_par,790,5200,E3,,,,,,,,,ok,aurc_geometric_fraction,0.1989
qwen15b-ft-conll2003,conll2003,decl-13-decoder-15b-conll,sem_par,790,5200,E3,,,,,,,,,ok,aurc_sentence_length,0.0657
qwen15b-ft-conll2003,conll2003,decl-13-decoder-15b-conll,sem_par,790,5200,E3,,,,,,,,,ok,aurc_row_entropy_causal,0.0651
qwen15b-ft-conll2003,conll2003,decl-13-decoder-15b-conll,sem_par,790,5200,E3,,,,,,,,,ok,aurc_row_max_causal,0.2242
qwen15b-ft-conll2003,conll2003,decl-13-decoder-15b-conll,sem_par,790,5200,E3,,,,,,,,,ok,aurc_hidden_norm,0.2678
qwen15b-ft-conll2003,conll2003,decl-13-decoder-15b-conll,sem_par,790,5200,E3,,,,,,,,,ok,aurc_hidden_dist_centroide,0.145
qwen15b-ft-conll2003,conll2003,decl-13-decoder-15b-conll,sem_par,790,5200,E3,,,,,,,,,ok,aurc_hidden_delta_camadas,0.3208
qwen15b-ft-conll2003,conll2003,decl-13-decoder-15b-conll,sem_par,790,5200,E3,,,,,,,,,ok,aurc_sonda_ocultos,0.0117
qwen15b-ft-conll2003,conll2003,decl-13-decoder-15b-conll,sem_par,790,5200,E3,,,,,,,,,ok,aurc_sonda_atencao_cabecas,0.0131
qwen15b-ft-conll2003,conll2003,decl-13-decoder-15b-conll,sem_par,790,5200,E3,,,,,,,,,ok,aurc_span_mass,0.1902
qwen15b-ft-conll2003,conll2003,decl-13-decoder-15b-conll,sem_par,790,5200,E3,,,,,,,,,ok,aurc_model_confidence,0.0205
