ponto,origem,comparacao,tipo,particao,estrato,metrica,valor,escore,contra,aurc_contra,aurc_escore,delta,ci_low,ci_high,n_entidades,n_sentencas,n_degeneradas,veredito
qwen05b-ft-bc5cdr,decl-20-bc5cdr-decoder-05b,D1,descriptive,teste inteiro,todos,R2_massa_vs_fracao_geometrica,0.83,,,,,,,,,,,
qwen05b-ft-bc5cdr,decl-20-bc5cdr-decoder-05b,D1,descriptive,teste inteiro,todos,mediana_observado_sobre_esperado,0.6382,,,,,,,,,,,
qwen05b-ft-bc5cdr,decl-20-bc5cdr-decoder-05b,D1,descriptive,teste inteiro,todos,n_entidades,9888.0,,,,,,,,,,,
qwen05b-ft-bc5cdr,decl-20-bc5cdr-decoder-05b,D1,descriptive,teste inteiro,k=1,R2_massa_vs_fracao_geometrica,0.6765,,,,,,,,,,,
qwen05b-ft-bc5cdr,decl-20-bc5cdr-decoder-05b,D1,descriptive,teste inteiro,k=1,mediana_observado_sobre_esperado,1.0698,,,,,,,,,,,
qwen05b-ft-bc5cdr,decl-20-bc5cdr-decoder-05b,D1,descriptive,teste inteiro,k=1,n_entidades,1683.0,,,,,,,,,,,
qwen05b-ft-bc5cdr,decl-20-bc5cdr-decoder-05b,D1,descriptive,teste inteiro,k=2,R2_massa_vs_fracao_geometrica,0.7271,,,,,,,,,,,
qwen05b-ft-bc5cdr,decl-20-bc5cdr-decoder-05b,D1,descriptive,teste inteiro,k=2,mediana_observado_sobre_esperado,0.7017,,,,,,,,,,,
qwen05b-ft-bc5cdr,decl-20-bc5cdr-decoder-05b,D1,descriptive,teste inteiro,k=2,n_entidades,2169.0,,,,,,,,,,,
qwen05b-ft-bc5cdr,decl-20-bc5cdr-decoder-05b,D1,descriptive,teste inteiro,k=3-4,R2_massa_vs_fracao_geometrica,0.8101,,,,,,,,,,,
qwen05b-ft-bc5cdr,decl-20-bc5cdr-decoder-05b,D1,descriptive,teste inteiro,k=3-4,mediana_observado_sobre_esperado,0.5665,,,,,,,,,,,
qwen05b-ft-bc5cdr,decl-20-bc5cdr-decoder-05b,D1,descriptive,teste inteiro,k=3-4,n_entidades,4282.0,,,,,,,,,,,
qwen05b-ft-bc5cdr,decl-20-bc5cdr-decoder-05b,D1,descriptive,teste inteiro,k>=5,R2_massa_vs_fracao_geometrica,0.8115,,,,,,,,,,,
qwen05b-ft-bc5cdr,decl-20-bc5cdr-decoder-05b,D1,descriptive,teste inteiro,k>=5,mediana_observado_sobre_esperado,0.515,,,,,,,,,,,
qwen05b-ft-bc5cdr,decl-20-bc5cdr-decoder-05b,D1,descriptive,teste inteiro,k>=5,n_entidades,1754.0,,,,,,,,,,,
qwen05b-ft-bc5cdr,decl-20-bc5cdr-decoder-05b,D2,descriptive,teste inteiro,todos,R2_massa_vs_fracao_geometrica,0.83,,,,,,,,,,,
qwen05b-ft-bc5cdr,decl-20-bc5cdr-decoder-05b,D2,descriptive,teste inteiro,todos,mediana_observado_sobre_esperado,0.6382,,,,,,,,,,,
qwen05b-ft-bc5cdr,decl-20-bc5cdr-decoder-05b,D2,descriptive,teste inteiro,todos,n_entidades,9888.0,,,,,,,,,,,
qwen05b-ft-bc5cdr,decl-20-bc5cdr-decoder-05b,D2,descriptive,teste inteiro,k=1,R2_massa_vs_fracao_geometrica,0.6765,,,,,,,,,,,
qwen05b-ft-bc5cdr,decl-20-bc5cdr-decoder-05b,D2,descriptive,teste inteiro,k=1,mediana_observado_sobre_esperado,1.0698,,,,,,,,,,,
qwen05b-ft-bc5cdr,decl-20-bc5cdr-decoder-05b,D2,descriptive,teste inteiro,k=1,n_entidades,1683.0,,,,,,,,,,,
qwen05b-ft-bc5cdr,decl-20-bc5cdr-decoder-05b,D2,descriptive,teste inteiro,k=2,R2_massa_vs_fracao_geometrica,0.7271,,,,,,,,,,,
qwen05b-ft-bc5cdr,decl-20-bc5cdr-decoder-05b,D2,descriptive,teste inteiro,k=2,mediana_observado_sobre_esperado,0.7017,,,,,,,,,,,
qwen05b-ft-bc5cdr,decl-20-bc5cdr-decoder-05b,D2,descriptive,teste inteiro,k=2,n_entidades,2169.0,,,,,,,,,,,
qwen05b-ft-bc5cdr,decl-20-bc5cdr-decoder-05b,D2,descriptive,teste inteiro,k=3-4,R2_massa_vs_fracao_geometrica,0.8101,,,,,,,,,,,
qwen05b-ft-bc5cdr,decl-20-bc5cdr-decoder-05b,D2,descriptive,teste inteiro,k=3-4,mediana_observado_sobre_esperado,0.5665,,,,,,,,,,,
qwen05b-ft-bc5cdr,decl-20-bc5cdr-decoder-05b,D2,descriptive,teste inteiro,k=3-4,n_entidades,4282.0,,,,,,,,,,,
qwen05b-ft-bc5cdr,decl-20-bc5cdr-decoder-05b,D2,descriptive,teste inteiro,k>=5,R2_massa_vs_fracao_geometrica,0.8115,,,,,,,,,,,
qwen05b-ft-bc5cdr,decl-20-bc5cdr-decoder-05b,D2,descriptive,teste inteiro,k>=5,mediana_observado_sobre_esperado,0.515,,,,,,,,,,,
qwen05b-ft-bc5cdr,decl-20-bc5cdr-decoder-05b,D2,descriptive,teste inteiro,k>=5,n_entidades,1754.0,,,,,,,,,,,
qwen05b-ft-bc5cdr,decl-20-bc5cdr-decoder-05b,C2,verdict,avaliação,todos,,,span_mass,geometric_fraction,0.1316,0.1367,0.0051,0.0015,0.0089,6896.0,2910.0,0.0,PIOR que a base
qwen05b-ft-bc5cdr,decl-20-bc5cdr-decoder-05b,C2,verdict,avaliação,k=1,,,span_mass,geometric_fraction,0.1668,0.1405,-0.0264,-0.0409,-0.0132,1162.0,869.0,0.0,ACRESCENTA
qwen05b-ft-bc5cdr,decl-20-bc5cdr-decoder-05b,C2,verdict,avaliação,k=2,,,span_mass,geometric_fraction,0.1773,0.1659,-0.0114,-0.0262,0.0011,1497.0,1084.0,0.0,NÃO ACRESCENTA (IC contém zero)
qwen05b-ft-bc5cdr,decl-20-bc5cdr-decoder-05b,C2,verdict,avaliação,k=3-4,,,span_mass,geometric_fraction,0.0873,0.0941,0.0068,0.0015,0.0122,3003.0,1910.0,0.0,PIOR que a base
qwen05b-ft-bc5cdr,decl-20-bc5cdr-decoder-05b,C2,verdict,avaliação,k>=5,,,span_mass,geometric_fraction,0.1806,0.2002,0.0196,0.009,0.0313,1234.0,935.0,0.0,PIOR que a base
qwen05b-ft-bc5cdr,decl-20-bc5cdr-decoder-05b,C2,verdict,avaliação,aninhado,,,,,,,,,,195.0,,,NÃO AVALIADO (estrato pequeno ou de perda constante)
qwen05b-ft-bc5cdr,decl-20-bc5cdr-decoder-05b,C2,verdict,avaliação,plano,,,span_mass,geometric_fraction,0.1082,0.1142,0.006,0.0025,0.0095,6701.0,2883.0,0.0,PIOR que a base
qwen05b-ft-bc5cdr,decl-20-bc5cdr-decoder-05b,C3,verdict,avaliação,todos,,,model_confidence+enrichment,model_confidence,0.0533,0.0533,0.0,0.0,0.0,6896.0,2910.0,0.0,NÃO ACRESCENTA (IC contém zero)
qwen05b-ft-bc5cdr,decl-20-bc5cdr-decoder-05b,C3,verdict,avaliação,k=1,,,model_confidence+enrichment,model_confidence,0.0613,0.0613,0.0,0.0,0.0,1162.0,869.0,0.0,NÃO ACRESCENTA (IC contém zero)
qwen05b-ft-bc5cdr,decl-20-bc5cdr-decoder-05b,C3,verdict,avaliação,k=2,,,model_confidence+enrichment,model_confidence,0.0836,0.0836,0.0,0.0,0.0,1497.0,1084.0,0.0,NÃO ACRESCENTA (IC contém zero)
qwen05b-ft-bc5cdr,decl-20-bc5cdr-decoder-05b,C3,verdict,avaliação,k=3-4,,,model_confidence+enrichment,model_confidence,0.0416,0.0416,0.0,0.0,0.0,3003.0,1910.0,0.0,NÃO ACRESCENTA (IC contém zero)
qwen05b-ft-bc5cdr,decl-20-bc5cdr-decoder-05b,C3,verdict,avaliação,k>=5,,,model_confidence+enrichment,model_confidence,0.0447,0.0447,0.0,0.0,0.0,1234.0,935.0,0.0,NÃO ACRESCENTA (IC contém zero)
qwen05b-ft-bc5cdr,decl-20-bc5cdr-decoder-05b,C3,verdict,avaliação,aninhado,,,,,,,,,,195.0,,,NÃO AVALIADO (estrato pequeno ou de perda constante)
qwen05b-ft-bc5cdr,decl-20-bc5cdr-decoder-05b,C3,verdict,avaliação,plano,,,model_confidence+enrichment,model_confidence,0.0371,0.0371,0.0,0.0,0.0,6701.0,2883.0,0.0,NÃO ACRESCENTA (IC contém zero)
qwen05b-ft-bc5cdr,decl-20-bc5cdr-decoder-05b,S1,verdict,avaliação,todos,,,span_mass,model_confidence,0.0533,0.1367,0.0834,0.0726,0.0946,6896.0,2910.0,0.0,PIOR que a base
qwen05b-ft-bc5cdr,decl-20-bc5cdr-decoder-05b,S1,verdict,avaliação,k=1,,,span_mass,model_confidence,0.0613,0.1405,0.0792,0.056,0.1023,1162.0,869.0,0.0,PIOR que a base
qwen05b-ft-bc5cdr,decl-20-bc5cdr-decoder-05b,S1,verdict,avaliação,k=2,,,span_mass,model_confidence,0.0836,0.1659,0.0823,0.0598,0.1046,1497.0,1084.0,0.0,PIOR que a base
qwen05b-ft-bc5cdr,decl-20-bc5cdr-decoder-05b,S1,verdict,avaliação,k=3-4,,,span_mass,model_confidence,0.0416,0.0941,0.0525,0.0391,0.0658,3003.0,1910.0,0.0,PIOR que a base
qwen05b-ft-bc5cdr,decl-20-bc5cdr-decoder-05b,S1,verdict,avaliação,k>=5,,,span_mass,model_confidence,0.0447,0.2002,0.1555,0.1248,0.1878,1234.0,935.0,0.0,PIOR que a base
qwen05b-ft-bc5cdr,decl-20-bc5cdr-decoder-05b,S1,verdict,avaliação,aninhado,,,,,,,,,,195.0,,,NÃO AVALIADO (estrato pequeno ou de perda constante)
qwen05b-ft-bc5cdr,decl-20-bc5cdr-decoder-05b,S1,verdict,avaliação,plano,,,span_mass,model_confidence,0.0371,0.1142,0.0771,0.0659,0.0884,6701.0,2883.0,0.0,PIOR que a base
qwen05b-ft-bc5cdr,decl-20-bc5cdr-decoder-05b,S3,verdict,avaliação,todos,,,span_mass,aggseq,0.0731,0.1367,0.0636,0.0496,0.078,6896.0,2910.0,0.0,PIOR que a base
qwen05b-ft-bc5cdr,decl-20-bc5cdr-decoder-05b,S3,verdict,avaliação,k=1,,,span_mass,aggseq,0.1026,0.1405,0.0379,0.0078,0.0684,1162.0,869.0,0.0,PIOR que a base
qwen05b-ft-bc5cdr,decl-20-bc5cdr-decoder-05b,S3,verdict,avaliação,k=2,,,span_mass,aggseq,0.0947,0.1659,0.0711,0.0451,0.0963,1497.0,1084.0,0.0,PIOR que a base
qwen05b-ft-bc5cdr,decl-20-bc5cdr-decoder-05b,S3,verdict,avaliação,k=3-4,,,span_mass,aggseq,0.0504,0.0941,0.0437,0.0285,0.059,3003.0,1910.0,0.0,PIOR que a base
qwen05b-ft-bc5cdr,decl-20-bc5cdr-decoder-05b,S3,verdict,avaliação,k>=5,,,span_mass,aggseq,0.0706,0.2002,0.1296,0.0919,0.1662,1234.0,935.0,0.0,PIOR que a base
qwen05b-ft-bc5cdr,decl-20-bc5cdr-decoder-05b,S3,verdict,avaliação,aninhado,,,,,,,,,,195.0,,,NÃO AVALIADO (estrato pequeno ou de perda constante)
qwen05b-ft-bc5cdr,decl-20-bc5cdr-decoder-05b,S3,verdict,avaliação,plano,,,span_mass,aggseq,0.0587,0.1142,0.0555,0.0415,0.0695,6701.0,2883.0,0.0,PIOR que a base
qwen05b-ft-bc5cdr,decl-20-bc5cdr-decoder-05b,S5,verdict,avaliação,todos,,,row_entropy_causal,model_confidence,0.0533,0.1263,0.0729,0.0637,0.0827,6896.0,2910.0,0.0,PIOR que a base
qwen05b-ft-bc5cdr,decl-20-bc5cdr-decoder-05b,S5,verdict,avaliação,k=1,,,row_entropy_causal,model_confidence,0.0613,0.1725,0.1112,0.0833,0.1404,1162.0,869.0,0.0,PIOR que a base
qwen05b-ft-bc5cdr,decl-20-bc5cdr-decoder-05b,S5,verdict,avaliação,k=2,,,row_entropy_causal,model_confidence,0.0836,0.1806,0.0971,0.0735,0.1229,1497.0,1084.0,0.0,PIOR que a base
qwen05b-ft-bc5cdr,decl-20-bc5cdr-decoder-05b,S5,verdict,avaliação,k=3-4,,,row_entropy_causal,model_confidence,0.0416,0.0832,0.0415,0.0304,0.0535,3003.0,1910.0,0.0,PIOR que a base
qwen05b-ft-bc5cdr,decl-20-bc5cdr-decoder-05b,S5,verdict,avaliação,k>=5,,,row_entropy_causal,model_confidence,0.0447,0.1373,0.0926,0.0717,0.1144,1234.0,935.0,0.0,PIOR que a base
qwen05b-ft-bc5cdr,decl-20-bc5cdr-decoder-05b,S5,verdict,avaliação,aninhado,,,,,,,,,,195.0,,,NÃO AVALIADO (estrato pequeno ou de perda constante)
qwen05b-ft-bc5cdr,decl-20-bc5cdr-decoder-05b,S5,verdict,avaliação,plano,,,row_entropy_causal,model_confidence,0.0371,0.1015,0.0644,0.0557,0.0738,6701.0,2883.0,0.0,PIOR que a base
qwen05b-ft-bc5cdr,decl-20-bc5cdr-decoder-05b,S7,verdict,avaliação,todos,,,row_entropy_causal,aggseq,0.0731,0.1263,0.0532,0.0407,0.0658,6896.0,2910.0,0.0,PIOR que a base
qwen05b-ft-bc5cdr,decl-20-bc5cdr-decoder-05b,S7,verdict,avaliação,k=1,,,row_entropy_causal,aggseq,0.1026,0.1725,0.0699,0.0384,0.1023,1162.0,869.0,0.0,PIOR que a base
qwen05b-ft-bc5cdr,decl-20-bc5cdr-decoder-05b,S7,verdict,avaliação,k=2,,,row_entropy_causal,aggseq,0.0947,0.1806,0.0859,0.0588,0.1133,1497.0,1084.0,0.0,PIOR que a base
qwen05b-ft-bc5cdr,decl-20-bc5cdr-decoder-05b,S7,verdict,avaliação,k=3-4,,,row_entropy_causal,aggseq,0.0504,0.0832,0.0327,0.02,0.0458,3003.0,1910.0,0.0,PIOR que a base
qwen05b-ft-bc5cdr,decl-20-bc5cdr-decoder-05b,S7,verdict,avaliação,k>=5,,,row_entropy_causal,aggseq,0.0706,0.1373,0.0667,0.0361,0.0938,1234.0,935.0,0.0,PIOR que a base
qwen05b-ft-bc5cdr,decl-20-bc5cdr-decoder-05b,S7,verdict,avaliação,aninhado,,,,,,,,,,195.0,,,NÃO AVALIADO (estrato pequeno ou de perda constante)
qwen05b-ft-bc5cdr,decl-20-bc5cdr-decoder-05b,S7,verdict,avaliação,plano,,,row_entropy_causal,aggseq,0.0587,0.1015,0.0428,0.0309,0.054,6701.0,2883.0,0.0,PIOR que a base
qwen05b-ft-bc5cdr,decl-20-bc5cdr-decoder-05b,S9,verdict,avaliação,todos,,,row_max_causal,model_confidence,0.0533,0.122,0.0687,0.0589,0.0786,6896.0,2910.0,0.0,PIOR que a base
qwen05b-ft-bc5cdr,decl-20-bc5cdr-decoder-05b,S9,verdict,avaliação,k=1,,,row_max_causal,model_confidence,0.0613,0.181,0.1198,0.0889,0.1521,1162.0,869.0,0.0,PIOR que a base
qwen05b-ft-bc5cdr,decl-20-bc5cdr-decoder-05b,S9,verdict,avaliação,k=2,,,row_max_causal,model_confidence,0.0836,0.1839,0.1003,0.0762,0.1259,1497.0,1084.0,0.0,PIOR que a base
qwen05b-ft-bc5cdr,decl-20-bc5cdr-decoder-05b,S9,verdict,avaliação,k=3-4,,,row_max_causal,model_confidence,0.0416,0.0749,0.0333,0.0226,0.045,3003.0,1910.0,0.0,PIOR que a base
qwen05b-ft-bc5cdr,decl-20-bc5cdr-decoder-05b,S9,verdict,avaliação,k>=5,,,row_max_causal,model_confidence,0.0447,0.1229,0.0783,0.0589,0.0992,1234.0,935.0,0.0,PIOR que a base
qwen05b-ft-bc5cdr,decl-20-bc5cdr-decoder-05b,S9,verdict,avaliação,aninhado,,,,,,,,,,195.0,,,NÃO AVALIADO (estrato pequeno ou de perda constante)
qwen05b-ft-bc5cdr,decl-20-bc5cdr-decoder-05b,S9,verdict,avaliação,plano,,,row_max_causal,model_confidence,0.0371,0.1007,0.0636,0.0548,0.0732,6701.0,2883.0,0.0,PIOR que a base
qwen05b-ft-bc5cdr,decl-20-bc5cdr-decoder-05b,S11,verdict,avaliação,todos,,,row_max_causal,aggseq,0.0731,0.122,0.0489,0.0364,0.0619,6896.0,2910.0,0.0,PIOR que a base
qwen05b-ft-bc5cdr,decl-20-bc5cdr-decoder-05b,S11,verdict,avaliação,k=1,,,row_max_causal,aggseq,0.1026,0.181,0.0785,0.0436,0.1138,1162.0,869.0,0.0,PIOR que a base
qwen05b-ft-bc5cdr,decl-20-bc5cdr-decoder-05b,S11,verdict,avaliação,k=2,,,row_max_causal,aggseq,0.0947,0.1839,0.0892,0.0623,0.1167,1497.0,1084.0,0.0,PIOR que a base
qwen05b-ft-bc5cdr,decl-20-bc5cdr-decoder-05b,S11,verdict,avaliação,k=3-4,,,row_max_causal,aggseq,0.0504,0.0749,0.0245,0.0125,0.0369,3003.0,1910.0,0.0,PIOR que a base
qwen05b-ft-bc5cdr,decl-20-bc5cdr-decoder-05b,S11,verdict,avaliação,k>=5,,,row_max_causal,aggseq,0.0706,0.1229,0.0524,0.0221,0.0785,1234.0,935.0,0.0,PIOR que a base
qwen05b-ft-bc5cdr,decl-20-bc5cdr-decoder-05b,S11,verdict,avaliação,aninhado,,,,,,,,,,195.0,,,NÃO AVALIADO (estrato pequeno ou de perda constante)
qwen05b-ft-bc5cdr,decl-20-bc5cdr-decoder-05b,S11,verdict,avaliação,plano,,,row_max_causal,aggseq,0.0587,0.1007,0.042,0.0298,0.0535,6701.0,2883.0,0.0,PIOR que a base
qwen05b-ft-bc5cdr,decl-20-bc5cdr-decoder-05b,S13,verdict,avaliação,todos,,,hidden_norm,model_confidence,0.0533,0.0964,0.0431,0.034,0.0519,6896.0,2910.0,0.0,PIOR que a base
qwen05b-ft-bc5cdr,decl-20-bc5cdr-decoder-05b,S13,verdict,avaliação,k=1,,,hidden_norm,model_confidence,0.0613,0.1195,0.0582,0.0357,0.082,1162.0,869.0,0.0,PIOR que a base
qwen05b-ft-bc5cdr,decl-20-bc5cdr-decoder-05b,S13,verdict,avaliação,k=2,,,hidden_norm,model_confidence,0.0836,0.1165,0.033,0.0112,0.0556,1497.0,1084.0,0.0,PIOR que a base
qwen05b-ft-bc5cdr,decl-20-bc5cdr-decoder-05b,S13,verdict,avaliação,k=3-4,,,hidden_norm,model_confidence,0.0416,0.0775,0.0359,0.0239,0.0486,3003.0,1910.0,0.0,PIOR que a base
qwen05b-ft-bc5cdr,decl-20-bc5cdr-decoder-05b,S13,verdict,avaliação,k>=5,,,hidden_norm,model_confidence,0.0447,0.0913,0.0466,0.0274,0.067,1234.0,935.0,0.0,PIOR que a base
qwen05b-ft-bc5cdr,decl-20-bc5cdr-decoder-05b,S13,verdict,avaliação,aninhado,,,,,,,,,,195.0,,,NÃO AVALIADO (estrato pequeno ou de perda constante)
qwen05b-ft-bc5cdr,decl-20-bc5cdr-decoder-05b,S13,verdict,avaliação,plano,,,hidden_norm,model_confidence,0.0371,0.0743,0.0372,0.03,0.0444,6701.0,2883.0,0.0,PIOR que a base
qwen05b-ft-bc5cdr,decl-20-bc5cdr-decoder-05b,S15,verdict,avaliação,todos,,,hidden_norm,aggseq,0.0731,0.0964,0.0233,0.0111,0.0351,6896.0,2910.0,0.0,PIOR que a base
qwen05b-ft-bc5cdr,decl-20-bc5cdr-decoder-05b,S15,verdict,avaliação,k=1,,,hidden_norm,aggseq,0.1026,0.1195,0.0169,-0.0078,0.0424,1162.0,869.0,0.0,NÃO ACRESCENTA (IC contém zero)
qwen05b-ft-bc5cdr,decl-20-bc5cdr-decoder-05b,S15,verdict,avaliação,k=2,,,hidden_norm,aggseq,0.0947,0.1165,0.0218,0.0006,0.0457,1497.0,1084.0,0.0,PIOR que a base
qwen05b-ft-bc5cdr,decl-20-bc5cdr-decoder-05b,S15,verdict,avaliação,k=3-4,,,hidden_norm,aggseq,0.0504,0.0775,0.027,0.0131,0.0413,3003.0,1910.0,0.0,PIOR que a base
qwen05b-ft-bc5cdr,decl-20-bc5cdr-decoder-05b,S15,verdict,avaliação,k>=5,,,hidden_norm,aggseq,0.0706,0.0913,0.0207,-0.0086,0.0461,1234.0,935.0,0.0,NÃO ACRESCENTA (IC contém zero)
qwen05b-ft-bc5cdr,decl-20-bc5cdr-decoder-05b,S15,verdict,avaliação,aninhado,,,,,,,,,,195.0,,,NÃO AVALIADO (estrato pequeno ou de perda constante)
qwen05b-ft-bc5cdr,decl-20-bc5cdr-decoder-05b,S15,verdict,avaliação,plano,,,hidden_norm,aggseq,0.0587,0.0743,0.0156,0.0038,0.0266,6701.0,2883.0,0.0,PIOR que a base
qwen05b-ft-bc5cdr,decl-20-bc5cdr-decoder-05b,S17,verdict,avaliação,todos,,,hidden_dist_centroide,model_confidence,0.0533,0.1305,0.0772,0.0662,0.0887,6896.0,2910.0,0.0,PIOR que a base
qwen05b-ft-bc5cdr,decl-20-bc5cdr-decoder-05b,S17,verdict,avaliação,k=1,,,hidden_dist_centroide,model_confidence,0.0613,0.1714,0.1101,0.0808,0.1406,1162.0,869.0,0.0,PIOR que a base
qwen05b-ft-bc5cdr,decl-20-bc5cdr-decoder-05b,S17,verdict,avaliação,k=2,,,hidden_dist_centroide,model_confidence,0.0836,0.2043,0.1208,0.0939,0.1485,1497.0,1084.0,0.0,PIOR que a base
qwen05b-ft-bc5cdr,decl-20-bc5cdr-decoder-05b,S17,verdict,avaliação,k=3-4,,,hidden_dist_centroide,model_confidence,0.0416,0.0632,0.0216,0.0117,0.0323,3003.0,1910.0,0.0,PIOR que a base
qwen05b-ft-bc5cdr,decl-20-bc5cdr-decoder-05b,S17,verdict,avaliação,k>=5,,,hidden_dist_centroide,model_confidence,0.0447,0.0695,0.0249,0.0106,0.0399,1234.0,935.0,0.0,PIOR que a base
qwen05b-ft-bc5cdr,decl-20-bc5cdr-decoder-05b,S17,verdict,avaliação,aninhado,,,,,,,,,,195.0,,,NÃO AVALIADO (estrato pequeno ou de perda constante)
qwen05b-ft-bc5cdr,decl-20-bc5cdr-decoder-05b,S17,verdict,avaliação,plano,,,hidden_dist_centroide,model_confidence,0.0371,0.1084,0.0713,0.0602,0.0827,6701.0,2883.0,0.0,PIOR que a base
qwen05b-ft-bc5cdr,decl-20-bc5cdr-decoder-05b,S19,verdict,avaliação,todos,,,hidden_dist_centroide,aggseq,0.0731,0.1305,0.0575,0.0448,0.0706,6896.0,2910.0,0.0,PIOR que a base
qwen05b-ft-bc5cdr,decl-20-bc5cdr-decoder-05b,S19,verdict,avaliação,k=1,,,hidden_dist_centroide,aggseq,0.1026,0.1714,0.0688,0.0367,0.1023,1162.0,869.0,0.0,PIOR que a base
qwen05b-ft-bc5cdr,decl-20-bc5cdr-decoder-05b,S19,verdict,avaliação,k=2,,,hidden_dist_centroide,aggseq,0.0947,0.2043,0.1096,0.0814,0.1387,1497.0,1084.0,0.0,PIOR que a base
qwen05b-ft-bc5cdr,decl-20-bc5cdr-decoder-05b,S19,verdict,avaliação,k=3-4,,,hidden_dist_centroide,aggseq,0.0504,0.0632,0.0128,0.0008,0.0255,3003.0,1910.0,0.0,PIOR que a base
qwen05b-ft-bc5cdr,decl-20-bc5cdr-decoder-05b,S19,verdict,avaliação,k>=5,,,hidden_dist_centroide,aggseq,0.0706,0.0695,-0.001,-0.0223,0.0182,1234.0,935.0,0.0,NÃO ACRESCENTA (IC contém zero)
qwen05b-ft-bc5cdr,decl-20-bc5cdr-decoder-05b,S19,verdict,avaliação,aninhado,,,,,,,,,,195.0,,,NÃO AVALIADO (estrato pequeno ou de perda constante)
qwen05b-ft-bc5cdr,decl-20-bc5cdr-decoder-05b,S19,verdict,avaliação,plano,,,hidden_dist_centroide,aggseq,0.0587,0.1084,0.0497,0.0373,0.062,6701.0,2883.0,0.0,PIOR que a base
qwen05b-ft-bc5cdr,decl-20-bc5cdr-decoder-05b,S21,verdict,avaliação,todos,,,hidden_delta_camadas,model_confidence,0.0533,0.0981,0.0448,0.0355,0.0539,6896.0,2910.0,0.0,PIOR que a base
qwen05b-ft-bc5cdr,decl-20-bc5cdr-decoder-05b,S21,verdict,avaliação,k=1,,,hidden_delta_camadas,model_confidence,0.0613,0.1178,0.0565,0.0347,0.0805,1162.0,869.0,0.0,PIOR que a base
qwen05b-ft-bc5cdr,decl-20-bc5cdr-decoder-05b,S21,verdict,avaliação,k=2,,,hidden_delta_camadas,model_confidence,0.0836,0.1228,0.0392,0.0162,0.0628,1497.0,1084.0,0.0,PIOR que a base
qwen05b-ft-bc5cdr,decl-20-bc5cdr-decoder-05b,S21,verdict,avaliação,k=3-4,,,hidden_delta_camadas,model_confidence,0.0416,0.0818,0.0401,0.0278,0.0534,3003.0,1910.0,0.0,PIOR que a base
qwen05b-ft-bc5cdr,decl-20-bc5cdr-decoder-05b,S21,verdict,avaliação,k>=5,,,hidden_delta_camadas,model_confidence,0.0447,0.0942,0.0495,0.0294,0.0702,1234.0,935.0,0.0,PIOR que a base
qwen05b-ft-bc5cdr,decl-20-bc5cdr-decoder-05b,S21,verdict,avaliação,aninhado,,,,,,,,,,195.0,,,NÃO AVALIADO (estrato pequeno ou de perda constante)
qwen05b-ft-bc5cdr,decl-20-bc5cdr-decoder-05b,S21,verdict,avaliação,plano,,,hidden_delta_camadas,model_confidence,0.0371,0.0758,0.0387,0.0312,0.0463,6701.0,2883.0,0.0,PIOR que a base
qwen05b-ft-bc5cdr,decl-20-bc5cdr-decoder-05b,S23,verdict,avaliação,todos,,,hidden_delta_camadas,aggseq,0.0731,0.0981,0.025,0.0127,0.0371,6896.0,2910.0,0.0,PIOR que a base
qwen05b-ft-bc5cdr,decl-20-bc5cdr-decoder-05b,S23,verdict,avaliação,k=1,,,hidden_delta_camadas,aggseq,0.1026,0.1178,0.0152,-0.0098,0.0413,1162.0,869.0,0.0,NÃO ACRESCENTA (IC contém zero)
qwen05b-ft-bc5cdr,decl-20-bc5cdr-decoder-05b,S23,verdict,avaliação,k=2,,,hidden_delta_camadas,aggseq,0.0947,0.1228,0.028,0.0066,0.0525,1497.0,1084.0,0.0,PIOR que a base
qwen05b-ft-bc5cdr,decl-20-bc5cdr-decoder-05b,S23,verdict,avaliação,k=3-4,,,hidden_delta_camadas,aggseq,0.0504,0.0818,0.0313,0.0172,0.0464,3003.0,1910.0,0.0,PIOR que a base
qwen05b-ft-bc5cdr,decl-20-bc5cdr-decoder-05b,S23,verdict,avaliação,k>=5,,,hidden_delta_camadas,aggseq,0.0706,0.0942,0.0236,-0.0057,0.0496,1234.0,935.0,0.0,NÃO ACRESCENTA (IC contém zero)
qwen05b-ft-bc5cdr,decl-20-bc5cdr-decoder-05b,S23,verdict,avaliação,aninhado,,,,,,,,,,195.0,,,NÃO AVALIADO (estrato pequeno ou de perda constante)
qwen05b-ft-bc5cdr,decl-20-bc5cdr-decoder-05b,S23,verdict,avaliação,plano,,,hidden_delta_camadas,aggseq,0.0587,0.0758,0.0171,0.0052,0.0284,6701.0,2883.0,0.0,PIOR que a base
qwen05b-ft-bc5cdr,decl-20-bc5cdr-decoder-05b,E25,verdict,avaliação,todos,,,sonda_ocultos,model_confidence,0.0533,0.0373,-0.016,-0.0227,-0.0101,6896.0,2910.0,0.0,ACRESCENTA
qwen05b-ft-bc5cdr,decl-20-bc5cdr-decoder-05b,E25,verdict,avaliação,k=1,,,sonda_ocultos,model_confidence,0.0613,0.0442,-0.0171,-0.0339,-0.0007,1162.0,869.0,0.0,ACRESCENTA
qwen05b-ft-bc5cdr,decl-20-bc5cdr-decoder-05b,E25,verdict,avaliação,k=2,,,sonda_ocultos,model_confidence,0.0836,0.0539,-0.0296,-0.0461,-0.0129,1497.0,1084.0,0.0,ACRESCENTA
qwen05b-ft-bc5cdr,decl-20-bc5cdr-decoder-05b,E25,verdict,avaliação,k=3-4,,,sonda_ocultos,model_confidence,0.0416,0.0273,-0.0144,-0.0224,-0.0055,3003.0,1910.0,0.0,ACRESCENTA
qwen05b-ft-bc5cdr,decl-20-bc5cdr-decoder-05b,E25,verdict,avaliação,k>=5,,,sonda_ocultos,model_confidence,0.0447,0.0422,-0.0025,-0.0162,0.0122,1234.0,935.0,0.0,NÃO ACRESCENTA (IC contém zero)
qwen05b-ft-bc5cdr,decl-20-bc5cdr-decoder-05b,E25,verdict,avaliação,aninhado,,,,,,,,,,195.0,,,NÃO AVALIADO (estrato pequeno ou de perda constante)
qwen05b-ft-bc5cdr,decl-20-bc5cdr-decoder-05b,E25,verdict,avaliação,plano,,,sonda_ocultos,model_confidence,0.0371,0.0243,-0.0128,-0.0179,-0.0078,6701.0,2883.0,0.0,ACRESCENTA
qwen05b-ft-bc5cdr,decl-20-bc5cdr-decoder-05b,E27,verdict,avaliação,todos,,,sonda_ocultos,aggseq,0.0731,0.0373,-0.0358,-0.047,-0.0256,6896.0,2910.0,0.0,ACRESCENTA
qwen05b-ft-bc5cdr,decl-20-bc5cdr-decoder-05b,E27,verdict,avaliação,k=1,,,sonda_ocultos,aggseq,0.1026,0.0442,-0.0584,-0.0869,-0.0307,1162.0,869.0,0.0,ACRESCENTA
qwen05b-ft-bc5cdr,decl-20-bc5cdr-decoder-05b,E27,verdict,avaliação,k=2,,,sonda_ocultos,aggseq,0.0947,0.0539,-0.0408,-0.0608,-0.0216,1497.0,1084.0,0.0,ACRESCENTA
qwen05b-ft-bc5cdr,decl-20-bc5cdr-decoder-05b,E27,verdict,avaliação,k=3-4,,,sonda_ocultos,aggseq,0.0504,0.0273,-0.0232,-0.034,-0.0125,3003.0,1910.0,0.0,ACRESCENTA
qwen05b-ft-bc5cdr,decl-20-bc5cdr-decoder-05b,E27,verdict,avaliação,k>=5,,,sonda_ocultos,aggseq,0.0706,0.0422,-0.0284,-0.054,-0.0066,1234.0,935.0,0.0,ACRESCENTA
qwen05b-ft-bc5cdr,decl-20-bc5cdr-decoder-05b,E27,verdict,avaliação,aninhado,,,,,,,,,,195.0,,,NÃO AVALIADO (estrato pequeno ou de perda constante)
qwen05b-ft-bc5cdr,decl-20-bc5cdr-decoder-05b,E27,verdict,avaliação,plano,,,sonda_ocultos,aggseq,0.0587,0.0243,-0.0344,-0.0458,-0.0246,6701.0,2883.0,0.0,ACRESCENTA
qwen05b-ft-bc5cdr,decl-20-bc5cdr-decoder-05b,E29,verdict,avaliação,todos,,,sonda_atencao_cabecas,model_confidence,0.0533,0.0469,-0.0064,-0.0127,-0.0006,6896.0,2910.0,0.0,ACRESCENTA
qwen05b-ft-bc5cdr,decl-20-bc5cdr-decoder-05b,E29,verdict,avaliação,k=1,,,sonda_atencao_cabecas,model_confidence,0.0613,0.06,-0.0012,-0.0147,0.0116,1162.0,869.0,0.0,NÃO ACRESCENTA (IC contém zero)
qwen05b-ft-bc5cdr,decl-20-bc5cdr-decoder-05b,E29,verdict,avaliação,k=2,,,sonda_atencao_cabecas,model_confidence,0.0836,0.0696,-0.014,-0.0306,0.0026,1497.0,1084.0,0.0,NÃO ACRESCENTA (IC contém zero)
qwen05b-ft-bc5cdr,decl-20-bc5cdr-decoder-05b,E29,verdict,avaliação,k=3-4,,,sonda_atencao_cabecas,model_confidence,0.0416,0.0267,-0.0149,-0.0224,-0.0073,3003.0,1910.0,0.0,ACRESCENTA
qwen05b-ft-bc5cdr,decl-20-bc5cdr-decoder-05b,E29,verdict,avaliação,k>=5,,,sonda_atencao_cabecas,model_confidence,0.0447,0.0685,0.0239,0.0072,0.0417,1234.0,935.0,0.0,PIOR que a base
qwen05b-ft-bc5cdr,decl-20-bc5cdr-decoder-05b,E29,verdict,avaliação,aninhado,,,,,,,,,,195.0,,,NÃO AVALIADO (estrato pequeno ou de perda constante)
qwen05b-ft-bc5cdr,decl-20-bc5cdr-decoder-05b,E29,verdict,avaliação,plano,,,sonda_atencao_cabecas,model_confidence,0.0371,0.0311,-0.006,-0.0109,-0.0015,6701.0,2883.0,0.0,ACRESCENTA
qwen05b-ft-bc5cdr,decl-20-bc5cdr-decoder-05b,E31,verdict,avaliação,todos,,,sonda_atencao_cabecas,aggseq,0.0731,0.0469,-0.0262,-0.037,-0.0165,6896.0,2910.0,0.0,ACRESCENTA
qwen05b-ft-bc5cdr,decl-20-bc5cdr-decoder-05b,E31,verdict,avaliação,k=1,,,sonda_atencao_cabecas,aggseq,0.1026,0.06,-0.0425,-0.0675,-0.0173,1162.0,869.0,0.0,ACRESCENTA
qwen05b-ft-bc5cdr,decl-20-bc5cdr-decoder-05b,E31,verdict,avaliação,k=2,,,sonda_atencao_cabecas,aggseq,0.0947,0.0696,-0.0251,-0.0453,-0.0046,1497.0,1084.0,0.0,ACRESCENTA
qwen05b-ft-bc5cdr,decl-20-bc5cdr-decoder-05b,E31,verdict,avaliação,k=3-4,,,sonda_atencao_cabecas,aggseq,0.0504,0.0267,-0.0237,-0.0339,-0.0143,3003.0,1910.0,0.0,ACRESCENTA
qwen05b-ft-bc5cdr,decl-20-bc5cdr-decoder-05b,E31,verdict,avaliação,k>=5,,,sonda_atencao_cabecas,aggseq,0.0706,0.0685,-0.002,-0.0296,0.0232,1234.0,935.0,0.0,NÃO ACRESCENTA (IC contém zero)
qwen05b-ft-bc5cdr,decl-20-bc5cdr-decoder-05b,E31,verdict,avaliação,aninhado,,,,,,,,,,195.0,,,NÃO AVALIADO (estrato pequeno ou de perda constante)
qwen05b-ft-bc5cdr,decl-20-bc5cdr-decoder-05b,E31,verdict,avaliação,plano,,,sonda_atencao_cabecas,aggseq,0.0587,0.0311,-0.0276,-0.0385,-0.0185,6701.0,2883.0,0.0,ACRESCENTA
qwen05b-ft-bc5cdr,decl-20-bc5cdr-decoder-05b,escores,descriptive,avaliação,todos,aurc_acaso,0.1301,,,,,,,,,,,
qwen05b-ft-bc5cdr,decl-20-bc5cdr-decoder-05b,escores,descriptive,avaliação,todos,aurc_span_size,0.1399,,,,,,,,,,,NÃO melhor que o acaso
qwen05b-ft-bc5cdr,decl-20-bc5cdr-decoder-05b,escores,descriptive,avaliação,todos,aurc_geometric_fraction,0.1316,,,,,,,,,,,NÃO melhor que o acaso
qwen05b-ft-bc5cdr,decl-20-bc5cdr-decoder-05b,escores,descriptive,avaliação,todos,aurc_sentence_length,0.1307,,,,,,,,,,,NÃO melhor que o acaso
qwen05b-ft-bc5cdr,decl-20-bc5cdr-decoder-05b,escores,descriptive,avaliação,todos,aurc_row_entropy_causal,0.1296,,,,,,,,,,,melhor que o acaso
qwen05b-ft-bc5cdr,decl-20-bc5cdr-decoder-05b,escores,descriptive,avaliação,todos,aurc_row_max_causal,0.122,,,,,,,,,,,melhor que o acaso
qwen05b-ft-bc5cdr,decl-20-bc5cdr-decoder-05b,escores,descriptive,avaliação,todos,aurc_hidden_norm,0.168,,,,,,,,,,,NÃO melhor que o acaso
qwen05b-ft-bc5cdr,decl-20-bc5cdr-decoder-05b,escores,descriptive,avaliação,todos,aurc_hidden_dist_centroide,0.1305,,,,,,,,,,,NÃO melhor que o acaso
qwen05b-ft-bc5cdr,decl-20-bc5cdr-decoder-05b,escores,descriptive,avaliação,todos,aurc_hidden_delta_camadas,0.1697,,,,,,,,,,,NÃO melhor que o acaso
qwen05b-ft-bc5cdr,decl-20-bc5cdr-decoder-05b,escores,descriptive,avaliação,todos,aurc_sonda_ocultos,0.0373,,,,,,,,,,,melhor que o acaso
qwen05b-ft-bc5cdr,decl-20-bc5cdr-decoder-05b,escores,descriptive,avaliação,todos,aurc_sonda_atencao_cabecas,0.0469,,,,,,,,,,,melhor que o acaso
qwen05b-ft-bc5cdr,decl-20-bc5cdr-decoder-05b,escores,descriptive,avaliação,todos,aurc_span_mass,0.1367,,,,,,,,,,,NÃO melhor que o acaso
qwen05b-ft-bc5cdr,decl-20-bc5cdr-decoder-05b,escores,descriptive,avaliação,todos,aurc_model_confidence,0.0533,,,,,,,,,,,melhor que o acaso
qwen05b-ft-bc5cdr,decl-20-bc5cdr-decoder-05b,controle,descriptive,teste inteiro,todos,corr_span_size_vs_comprimento,0.0748,,,,,,,,,,,
qwen05b-ft-bc5cdr,decl-20-bc5cdr-decoder-05b,controle,descriptive,teste inteiro,todos,corr_geometric_fraction_vs_comprimento,-0.3298,,,,,,,,,,,
qwen05b-ft-bc5cdr,decl-20-bc5cdr-decoder-05b,controle,descriptive,teste inteiro,todos,corr_sentence_length_vs_comprimento,1.0,,,,,,,,,,,
qwen05b-ft-bc5cdr,decl-20-bc5cdr-decoder-05b,controle,descriptive,teste inteiro,todos,corr_row_entropy_causal_vs_comprimento,0.4975,,,,,,,,,,,
qwen05b-ft-bc5cdr,decl-20-bc5cdr-decoder-05b,controle,descriptive,teste inteiro,todos,corr_row_max_causal_vs_comprimento,-0.3945,,,,,,,,,,,
qwen05b-ft-bc5cdr,decl-20-bc5cdr-decoder-05b,controle,descriptive,teste inteiro,todos,corr_hidden_norm_vs_comprimento,-0.0911,,,,,,,,,,,
qwen05b-ft-bc5cdr,decl-20-bc5cdr-decoder-05b,controle,descriptive,teste inteiro,todos,corr_hidden_dist_centroide_vs_comprimento,0.0891,,,,,,,,,,,
qwen05b-ft-bc5cdr,decl-20-bc5cdr-decoder-05b,controle,descriptive,teste inteiro,todos,corr_hidden_delta_camadas_vs_comprimento,-0.1234,,,,,,,,,,,
qwen05b-ft-bc5cdr,decl-20-bc5cdr-decoder-05b,controle,descriptive,teste inteiro,todos,corr_sonda_ocultos_vs_comprimento,-0.0095,,,,,,,,,,,
qwen05b-ft-bc5cdr,decl-20-bc5cdr-decoder-05b,controle,descriptive,teste inteiro,todos,corr_sonda_atencao_cabecas_vs_comprimento,-0.0226,,,,,,,,,,,
qwen05b-ft-bc5cdr,decl-20-bc5cdr-decoder-05b,controle,descriptive,teste inteiro,todos,corr_span_mass_vs_comprimento,-0.4197,,,,,,,,,,,
qwen05b-ft-bc5cdr,decl-20-bc5cdr-decoder-05b,controle,descriptive,teste inteiro,todos,corr_model_confidence_vs_comprimento,-0.0543,,,,,,,,,,,
qwen05b-ft-bc5cdr,adenda-01,AD1-A-sonda_ocultos,verdict,avaliação,todos,,,sonda_ocultos,base_treinada,0.0796,0.0373,-0.0424,-0.0517,-0.0334,6896.0,2910.0,0.0,ACRESCENTA
qwen05b-ft-bc5cdr,adenda-01,AD1-A-sonda_ocultos,verdict,avaliação,k=1,,,sonda_ocultos,base_treinada,0.0867,0.0442,-0.0426,-0.0614,-0.026,1162.0,869.0,0.0,ACRESCENTA
qwen05b-ft-bc5cdr,adenda-01,AD1-A-sonda_ocultos,verdict,avaliação,k=2,,,sonda_ocultos,base_treinada,0.0906,0.0539,-0.0367,-0.0545,-0.0189,1497.0,1084.0,0.0,ACRESCENTA
qwen05b-ft-bc5cdr,adenda-01,AD1-A-sonda_ocultos,verdict,avaliação,k=3-4,,,sonda_ocultos,base_treinada,0.0602,0.0273,-0.0329,-0.0449,-0.0204,3003.0,1910.0,0.0,ACRESCENTA
qwen05b-ft-bc5cdr,adenda-01,AD1-A-sonda_ocultos,verdict,avaliação,k>=5,,,sonda_ocultos,base_treinada,0.0617,0.0422,-0.0195,-0.0348,-0.0041,1234.0,935.0,0.0,ACRESCENTA
qwen05b-ft-bc5cdr,adenda-01,AD1-A-sonda_ocultos,verdict,avaliação,aninhado,,,,,,,,,,195.0,,,NÃO AVALIADO (estrato pequeno ou de perda constante)
qwen05b-ft-bc5cdr,adenda-01,AD1-A-sonda_ocultos,verdict,avaliação,plano,,,sonda_ocultos,base_treinada,0.0586,0.0243,-0.0343,-0.0422,-0.0268,6701.0,2883.0,0.0,ACRESCENTA
qwen05b-ft-bc5cdr,adenda-01,AD1-A-sonda_atencao_cabecas,verdict,avaliação,todos,,,sonda_atencao_cabecas,base_treinada,0.0796,0.0469,-0.0328,-0.0416,-0.0242,6896.0,2910.0,0.0,ACRESCENTA
qwen05b-ft-bc5cdr,adenda-01,AD1-A-sonda_atencao_cabecas,verdict,avaliação,k=1,,,sonda_atencao_cabecas,base_treinada,0.0867,0.06,-0.0267,-0.0441,-0.0094,1162.0,869.0,0.0,ACRESCENTA
qwen05b-ft-bc5cdr,adenda-01,AD1-A-sonda_atencao_cabecas,verdict,avaliação,k=2,,,sonda_atencao_cabecas,base_treinada,0.0906,0.0696,-0.021,-0.0389,-0.0028,1497.0,1084.0,0.0,ACRESCENTA
qwen05b-ft-bc5cdr,adenda-01,AD1-A-sonda_atencao_cabecas,verdict,avaliação,k=3-4,,,sonda_atencao_cabecas,base_treinada,0.0602,0.0267,-0.0335,-0.0448,-0.0223,3003.0,1910.0,0.0,ACRESCENTA
qwen05b-ft-bc5cdr,adenda-01,AD1-A-sonda_atencao_cabecas,verdict,avaliação,k>=5,,,sonda_atencao_cabecas,base_treinada,0.0617,0.0685,0.0068,-0.012,0.0273,1234.0,935.0,0.0,NÃO ACRESCENTA (IC contém zero)
qwen05b-ft-bc5cdr,adenda-01,AD1-A-sonda_atencao_cabecas,verdict,avaliação,aninhado,,,,,,,,,,195.0,,,NÃO AVALIADO (estrato pequeno ou de perda constante)
qwen05b-ft-bc5cdr,adenda-01,AD1-A-sonda_atencao_cabecas,verdict,avaliação,plano,,,sonda_atencao_cabecas,base_treinada,0.0586,0.0311,-0.0274,-0.0352,-0.0203,6701.0,2883.0,0.0,ACRESCENTA
qwen05b-ft-bc5cdr,adenda-01,AD1-A-sonda_ocultos_ajustada,verdict,avaliação,todos,,,sonda_ocultos_ajustada,base_treinada_ajustada,0.0796,0.028,-0.0515,-0.06,-0.0432,6896.0,2910.0,0.0,ACRESCENTA
qwen05b-ft-bc5cdr,adenda-01,AD1-A-sonda_ocultos_ajustada,verdict,avaliação,k=1,,,sonda_ocultos_ajustada,base_treinada_ajustada,0.0865,0.0361,-0.0504,-0.0685,-0.0335,1162.0,869.0,0.0,ACRESCENTA
qwen05b-ft-bc5cdr,adenda-01,AD1-A-sonda_ocultos_ajustada,verdict,avaliação,k=2,,,sonda_ocultos_ajustada,base_treinada_ajustada,0.0907,0.0434,-0.0472,-0.0639,-0.0308,1497.0,1084.0,0.0,ACRESCENTA
qwen05b-ft-bc5cdr,adenda-01,AD1-A-sonda_ocultos_ajustada,verdict,avaliação,k=3-4,,,sonda_ocultos_ajustada,base_treinada_ajustada,0.0596,0.0178,-0.0418,-0.0529,-0.031,3003.0,1910.0,0.0,ACRESCENTA
qwen05b-ft-bc5cdr,adenda-01,AD1-A-sonda_ocultos_ajustada,verdict,avaliação,k>=5,,,sonda_ocultos_ajustada,base_treinada_ajustada,0.0613,0.0319,-0.0294,-0.0418,-0.0179,1234.0,935.0,0.0,ACRESCENTA
qwen05b-ft-bc5cdr,adenda-01,AD1-A-sonda_ocultos_ajustada,verdict,avaliação,aninhado,,,,,,,,,,195.0,,,NÃO AVALIADO (estrato pequeno ou de perda constante)
qwen05b-ft-bc5cdr,adenda-01,AD1-A-sonda_ocultos_ajustada,verdict,avaliação,plano,,,sonda_ocultos_ajustada,base_treinada_ajustada,0.0584,0.0162,-0.0421,-0.0495,-0.0353,6701.0,2883.0,0.0,ACRESCENTA
qwen05b-ft-bc5cdr,adenda-01,AD1-A-sonda_atencao_cabecas_ajustada,verdict,avaliação,todos,,,sonda_atencao_cabecas_ajustada,base_treinada_ajustada,0.0796,0.0344,-0.0452,-0.0536,-0.037,6896.0,2910.0,0.0,ACRESCENTA
qwen05b-ft-bc5cdr,adenda-01,AD1-A-sonda_atencao_cabecas_ajustada,verdict,avaliação,k=1,,,sonda_atencao_cabecas_ajustada,base_treinada_ajustada,0.0865,0.0479,-0.0386,-0.0569,-0.0212,1162.0,869.0,0.0,ACRESCENTA
qwen05b-ft-bc5cdr,adenda-01,AD1-A-sonda_atencao_cabecas_ajustada,verdict,avaliação,k=2,,,sonda_atencao_cabecas_ajustada,base_treinada_ajustada,0.0907,0.0565,-0.0341,-0.0515,-0.0178,1497.0,1084.0,0.0,ACRESCENTA
qwen05b-ft-bc5cdr,adenda-01,AD1-A-sonda_atencao_cabecas_ajustada,verdict,avaliação,k=3-4,,,sonda_atencao_cabecas_ajustada,base_treinada_ajustada,0.0596,0.0199,-0.0397,-0.0506,-0.0291,3003.0,1910.0,0.0,ACRESCENTA
qwen05b-ft-bc5cdr,adenda-01,AD1-A-sonda_atencao_cabecas_ajustada,verdict,avaliação,k>=5,,,sonda_atencao_cabecas_ajustada,base_treinada_ajustada,0.0613,0.0422,-0.019,-0.0328,-0.0055,1234.0,935.0,0.0,ACRESCENTA
qwen05b-ft-bc5cdr,adenda-01,AD1-A-sonda_atencao_cabecas_ajustada,verdict,avaliação,aninhado,,,,,,,,,,195.0,,,NÃO AVALIADO (estrato pequeno ou de perda constante)
qwen05b-ft-bc5cdr,adenda-01,AD1-A-sonda_atencao_cabecas_ajustada,verdict,avaliação,plano,,,sonda_atencao_cabecas_ajustada,base_treinada_ajustada,0.0584,0.0208,-0.0375,-0.045,-0.0306,6701.0,2883.0,0.0,ACRESCENTA
qwen05b-ft-bc5cdr,adenda-01,escores,descriptive,avaliação,todos,aurc_acaso,0.1301,,,,,,,,,,,
qwen05b-ft-bc5cdr,adenda-01,escores,descriptive,avaliação,todos,aurc_span_size,0.1399,,,,,,,,,,,NÃO melhor que o acaso
qwen05b-ft-bc5cdr,adenda-01,escores,descriptive,avaliação,todos,aurc_geometric_fraction,0.1316,,,,,,,,,,,NÃO melhor que o acaso
qwen05b-ft-bc5cdr,adenda-01,escores,descriptive,avaliação,todos,aurc_sentence_length,0.1307,,,,,,,,,,,NÃO melhor que o acaso
qwen05b-ft-bc5cdr,adenda-01,escores,descriptive,avaliação,todos,aurc_row_entropy_causal,0.1296,,,,,,,,,,,melhor que o acaso
qwen05b-ft-bc5cdr,adenda-01,escores,descriptive,avaliação,todos,aurc_row_max_causal,0.122,,,,,,,,,,,melhor que o acaso
qwen05b-ft-bc5cdr,adenda-01,escores,descriptive,avaliação,todos,aurc_hidden_norm,0.168,,,,,,,,,,,NÃO melhor que o acaso
qwen05b-ft-bc5cdr,adenda-01,escores,descriptive,avaliação,todos,aurc_hidden_dist_centroide,0.1305,,,,,,,,,,,NÃO melhor que o acaso
qwen05b-ft-bc5cdr,adenda-01,escores,descriptive,avaliação,todos,aurc_hidden_delta_camadas,0.1697,,,,,,,,,,,NÃO melhor que o acaso
qwen05b-ft-bc5cdr,adenda-01,escores,descriptive,avaliação,todos,aurc_sonda_ocultos,0.0373,,,,,,,,,,,melhor que o acaso
qwen05b-ft-bc5cdr,adenda-01,escores,descriptive,avaliação,todos,aurc_sonda_atencao_cabecas,0.0469,,,,,,,,,,,melhor que o acaso
qwen05b-ft-bc5cdr,adenda-01,escores,descriptive,avaliação,todos,aurc_span_mass,0.1367,,,,,,,,,,,NÃO melhor que o acaso
qwen05b-ft-bc5cdr,adenda-01,escores,descriptive,avaliação,todos,aurc_model_confidence,0.0533,,,,,,,,,,,melhor que o acaso
qwen05b-ft-bc5cdr,adenda-01,controle,descriptive,teste inteiro,todos,corr_span_size_vs_comprimento,0.0748,,,,,,,,,,,
qwen05b-ft-bc5cdr,adenda-01,controle,descriptive,teste inteiro,todos,corr_geometric_fraction_vs_comprimento,-0.3298,,,,,,,,,,,
qwen05b-ft-bc5cdr,adenda-01,controle,descriptive,teste inteiro,todos,corr_sentence_length_vs_comprimento,1.0,,,,,,,,,,,
qwen05b-ft-bc5cdr,adenda-01,controle,descriptive,teste inteiro,todos,corr_row_entropy_causal_vs_comprimento,0.4975,,,,,,,,,,,
qwen05b-ft-bc5cdr,adenda-01,controle,descriptive,teste inteiro,todos,corr_row_max_causal_vs_comprimento,-0.3945,,,,,,,,,,,
qwen05b-ft-bc5cdr,adenda-01,controle,descriptive,teste inteiro,todos,corr_hidden_norm_vs_comprimento,-0.0911,,,,,,,,,,,
qwen05b-ft-bc5cdr,adenda-01,controle,descriptive,teste inteiro,todos,corr_hidden_dist_centroide_vs_comprimento,0.0891,,,,,,,,,,,
qwen05b-ft-bc5cdr,adenda-01,controle,descriptive,teste inteiro,todos,corr_hidden_delta_camadas_vs_comprimento,-0.1234,,,,,,,,,,,
qwen05b-ft-bc5cdr,adenda-01,controle,descriptive,teste inteiro,todos,corr_sonda_ocultos_vs_comprimento,-0.0095,,,,,,,,,,,
qwen05b-ft-bc5cdr,adenda-01,controle,descriptive,teste inteiro,todos,corr_sonda_atencao_cabecas_vs_comprimento,-0.0226,,,,,,,,,,,
qwen05b-ft-bc5cdr,adenda-01,controle,descriptive,teste inteiro,todos,corr_span_mass_vs_comprimento,-0.4197,,,,,,,,,,,
qwen05b-ft-bc5cdr,adenda-01,controle,descriptive,teste inteiro,todos,corr_model_confidence_vs_comprimento,-0.0543,,,,,,,,,,,
qwen15b-ft-bc5cdr,decl-21-bc5cdr-decoder-15b,D1,descriptive,teste inteiro,todos,R2_massa_vs_fracao_geometrica,0.8284,,,,,,,,,,,
qwen15b-ft-bc5cdr,decl-21-bc5cdr-decoder-15b,D1,descriptive,teste inteiro,todos,mediana_observado_sobre_esperado,0.5993,,,,,,,,,,,
qwen15b-ft-bc5cdr,decl-21-bc5cdr-decoder-15b,D1,descriptive,teste inteiro,todos,n_entidades,10226.0,,,,,,,,,,,
qwen15b-ft-bc5cdr,decl-21-bc5cdr-decoder-15b,D1,descriptive,teste inteiro,k=1,R2_massa_vs_fracao_geometrica,0.6484,,,,,,,,,,,
qwen15b-ft-bc5cdr,decl-21-bc5cdr-decoder-15b,D1,descriptive,teste inteiro,k=1,mediana_observado_sobre_esperado,0.9877,,,,,,,,,,,
qwen15b-ft-bc5cdr,decl-21-bc5cdr-decoder-15b,D1,descriptive,teste inteiro,k=1,n_entidades,1761.0,,,,,,,,,,,
qwen15b-ft-bc5cdr,decl-21-bc5cdr-decoder-15b,D1,descriptive,teste inteiro,k=2,R2_massa_vs_fracao_geometrica,0.7431,,,,,,,,,,,
qwen15b-ft-bc5cdr,decl-21-bc5cdr-decoder-15b,D1,descriptive,teste inteiro,k=2,mediana_observado_sobre_esperado,0.6759,,,,,,,,,,,
qwen15b-ft-bc5cdr,decl-21-bc5cdr-decoder-15b,D1,descriptive,teste inteiro,k=2,n_entidades,2195.0,,,,,,,,,,,
qwen15b-ft-bc5cdr,decl-21-bc5cdr-decoder-15b,D1,descriptive,teste inteiro,k=3-4,R2_massa_vs_fracao_geometrica,0.8133,,,,,,,,,,,
qwen15b-ft-bc5cdr,decl-21-bc5cdr-decoder-15b,D1,descriptive,teste inteiro,k=3-4,mediana_observado_sobre_esperado,0.5224,,,,,,,,,,,
qwen15b-ft-bc5cdr,decl-21-bc5cdr-decoder-15b,D1,descriptive,teste inteiro,k=3-4,n_entidades,4412.0,,,,,,,,,,,
qwen15b-ft-bc5cdr,decl-21-bc5cdr-decoder-15b,D1,descriptive,teste inteiro,k>=5,R2_massa_vs_fracao_geometrica,0.7974,,,,,,,,,,,
qwen15b-ft-bc5cdr,decl-21-bc5cdr-decoder-15b,D1,descriptive,teste inteiro,k>=5,mediana_observado_sobre_esperado,0.4767,,,,,,,,,,,
qwen15b-ft-bc5cdr,decl-21-bc5cdr-decoder-15b,D1,descriptive,teste inteiro,k>=5,n_entidades,1858.0,,,,,,,,,,,
qwen15b-ft-bc5cdr,decl-21-bc5cdr-decoder-15b,D2,descriptive,teste inteiro,todos,R2_massa_vs_fracao_geometrica,0.8284,,,,,,,,,,,
qwen15b-ft-bc5cdr,decl-21-bc5cdr-decoder-15b,D2,descriptive,teste inteiro,todos,mediana_observado_sobre_esperado,0.5993,,,,,,,,,,,
qwen15b-ft-bc5cdr,decl-21-bc5cdr-decoder-15b,D2,descriptive,teste inteiro,todos,n_entidades,10226.0,,,,,,,,,,,
qwen15b-ft-bc5cdr,decl-21-bc5cdr-decoder-15b,D2,descriptive,teste inteiro,k=1,R2_massa_vs_fracao_geometrica,0.6484,,,,,,,,,,,
qwen15b-ft-bc5cdr,decl-21-bc5cdr-decoder-15b,D2,descriptive,teste inteiro,k=1,mediana_observado_sobre_esperado,0.9877,,,,,,,,,,,
qwen15b-ft-bc5cdr,decl-21-bc5cdr-decoder-15b,D2,descriptive,teste inteiro,k=1,n_entidades,1761.0,,,,,,,,,,,
qwen15b-ft-bc5cdr,decl-21-bc5cdr-decoder-15b,D2,descriptive,teste inteiro,k=2,R2_massa_vs_fracao_geometrica,0.7431,,,,,,,,,,,
qwen15b-ft-bc5cdr,decl-21-bc5cdr-decoder-15b,D2,descriptive,teste inteiro,k=2,mediana_observado_sobre_esperado,0.6759,,,,,,,,,,,
qwen15b-ft-bc5cdr,decl-21-bc5cdr-decoder-15b,D2,descriptive,teste inteiro,k=2,n_entidades,2195.0,,,,,,,,,,,
qwen15b-ft-bc5cdr,decl-21-bc5cdr-decoder-15b,D2,descriptive,teste inteiro,k=3-4,R2_massa_vs_fracao_geometrica,0.8133,,,,,,,,,,,
qwen15b-ft-bc5cdr,decl-21-bc5cdr-decoder-15b,D2,descriptive,teste inteiro,k=3-4,mediana_observado_sobre_esperado,0.5224,,,,,,,,,,,
qwen15b-ft-bc5cdr,decl-21-bc5cdr-decoder-15b,D2,descriptive,teste inteiro,k=3-4,n_entidades,4412.0,,,,,,,,,,,
qwen15b-ft-bc5cdr,decl-21-bc5cdr-decoder-15b,D2,descriptive,teste inteiro,k>=5,R2_massa_vs_fracao_geometrica,0.7974,,,,,,,,,,,
qwen15b-ft-bc5cdr,decl-21-bc5cdr-decoder-15b,D2,descriptive,teste inteiro,k>=5,mediana_observado_sobre_esperado,0.4767,,,,,,,,,,,
qwen15b-ft-bc5cdr,decl-21-bc5cdr-decoder-15b,D2,descriptive,teste inteiro,k>=5,n_entidades,1858.0,,,,,,,,,,,
qwen15b-ft-bc5cdr,decl-21-bc5cdr-decoder-15b,C2,verdict,avaliação,todos,,,span_mass,geometric_fraction,0.1321,0.1561,0.024,0.0035,0.0459,7122.0,2916.0,0.0,PIOR que a base
qwen15b-ft-bc5cdr,decl-21-bc5cdr-decoder-15b,C2,verdict,avaliação,k=1,,,span_mass,geometric_fraction,0.1668,0.2078,0.041,-0.0078,0.0946,1216.0,895.0,0.0,NÃO ACRESCENTA (IC contém zero)
qwen15b-ft-bc5cdr,decl-21-bc5cdr-decoder-15b,C2,verdict,avaliação,k=2,,,span_mass,geometric_fraction,0.1319,0.1537,0.0218,-0.01,0.0524,1520.0,1093.0,0.0,NÃO ACRESCENTA (IC contém zero)
qwen15b-ft-bc5cdr,decl-21-bc5cdr-decoder-15b,C2,verdict,avaliação,k=3-4,,,span_mass,geometric_fraction,0.0932,0.115,0.0219,0.0011,0.0406,3080.0,1939.0,0.0,PIOR que a base
qwen15b-ft-bc5cdr,decl-21-bc5cdr-decoder-15b,C2,verdict,avaliação,k>=5,,,span_mass,geometric_fraction,0.186,0.1669,-0.0191,-0.0626,0.0276,1306.0,979.0,0.0,NÃO ACRESCENTA (IC contém zero)
qwen15b-ft-bc5cdr,decl-21-bc5cdr-decoder-15b,C2,verdict,avaliação,aninhado,,,,,,,,,,147.0,,,NÃO AVALIADO (estrato pequeno ou de perda constante)
qwen15b-ft-bc5cdr,decl-21-bc5cdr-decoder-15b,C2,verdict,avaliação,plano,,,span_mass,geometric_fraction,0.115,0.14,0.025,0.0047,0.0465,6975.0,2900.0,0.0,PIOR que a base
qwen15b-ft-bc5cdr,decl-21-bc5cdr-decoder-15b,C3,verdict,avaliação,todos,,,model_confidence+enrichment,model_confidence,0.0512,0.0512,0.0,0.0,0.0,7122.0,2916.0,0.0,NÃO ACRESCENTA (IC contém zero)
qwen15b-ft-bc5cdr,decl-21-bc5cdr-decoder-15b,C3,verdict,avaliação,k=1,,,model_confidence+enrichment,model_confidence,0.0696,0.0696,0.0,0.0,0.0,1216.0,895.0,0.0,NÃO ACRESCENTA (IC contém zero)
qwen15b-ft-bc5cdr,decl-21-bc5cdr-decoder-15b,C3,verdict,avaliação,k=2,,,model_confidence+enrichment,model_confidence,0.0687,0.0687,0.0,0.0,0.0,1520.0,1093.0,0.0,NÃO ACRESCENTA (IC contém zero)
qwen15b-ft-bc5cdr,decl-21-bc5cdr-decoder-15b,C3,verdict,avaliação,k=3-4,,,model_confidence+enrichment,model_confidence,0.038,0.038,0.0,0.0,0.0,3080.0,1939.0,0.0,NÃO ACRESCENTA (IC contém zero)
qwen15b-ft-bc5cdr,decl-21-bc5cdr-decoder-15b,C3,verdict,avaliação,k>=5,,,model_confidence+enrichment,model_confidence,0.0529,0.0529,0.0,0.0,0.0,1306.0,979.0,0.0,NÃO ACRESCENTA (IC contém zero)
qwen15b-ft-bc5cdr,decl-21-bc5cdr-decoder-15b,C3,verdict,avaliação,aninhado,,,,,,,,,,147.0,,,NÃO AVALIADO (estrato pequeno ou de perda constante)
qwen15b-ft-bc5cdr,decl-21-bc5cdr-decoder-15b,C3,verdict,avaliação,plano,,,model_confidence+enrichment,model_confidence,0.0389,0.0389,0.0,0.0,0.0,6975.0,2900.0,0.0,NÃO ACRESCENTA (IC contém zero)
qwen15b-ft-bc5cdr,decl-21-bc5cdr-decoder-15b,S1,verdict,avaliação,todos,,,span_mass,model_confidence,0.0512,0.1561,0.1049,0.0883,0.1231,7122.0,2916.0,0.0,PIOR que a base
qwen15b-ft-bc5cdr,decl-21-bc5cdr-decoder-15b,S1,verdict,avaliação,k=1,,,span_mass,model_confidence,0.0696,0.2078,0.1381,0.0977,0.1846,1216.0,895.0,0.0,PIOR que a base
qwen15b-ft-bc5cdr,decl-21-bc5cdr-decoder-15b,S1,verdict,avaliação,k=2,,,span_mass,model_confidence,0.0687,0.1537,0.085,0.0602,0.1102,1520.0,1093.0,0.0,PIOR que a base
qwen15b-ft-bc5cdr,decl-21-bc5cdr-decoder-15b,S1,verdict,avaliação,k=3-4,,,span_mass,model_confidence,0.038,0.115,0.0771,0.0608,0.0927,3080.0,1939.0,0.0,PIOR que a base
qwen15b-ft-bc5cdr,decl-21-bc5cdr-decoder-15b,S1,verdict,avaliação,k>=5,,,span_mass,model_confidence,0.0529,0.1669,0.114,0.0837,0.1464,1306.0,979.0,0.0,PIOR que a base
qwen15b-ft-bc5cdr,decl-21-bc5cdr-decoder-15b,S1,verdict,avaliação,aninhado,,,,,,,,,,147.0,,,NÃO AVALIADO (estrato pequeno ou de perda constante)
qwen15b-ft-bc5cdr,decl-21-bc5cdr-decoder-15b,S1,verdict,avaliação,plano,,,span_mass,model_confidence,0.0389,0.14,0.1012,0.0844,0.1191,6975.0,2900.0,0.0,PIOR que a base
qwen15b-ft-bc5cdr,decl-21-bc5cdr-decoder-15b,S3,verdict,avaliação,todos,,,span_mass,aggseq,0.0769,0.1561,0.0792,0.0662,0.0924,7122.0,2916.0,0.0,PIOR que a base
qwen15b-ft-bc5cdr,decl-21-bc5cdr-decoder-15b,S3,verdict,avaliação,k=1,,,span_mass,aggseq,0.1121,0.2078,0.0957,0.0617,0.1309,1216.0,895.0,0.0,PIOR que a base
qwen15b-ft-bc5cdr,decl-21-bc5cdr-decoder-15b,S3,verdict,avaliação,k=2,,,span_mass,aggseq,0.0937,0.1537,0.06,0.0352,0.0869,1520.0,1093.0,0.0,PIOR que a base
qwen15b-ft-bc5cdr,decl-21-bc5cdr-decoder-15b,S3,verdict,avaliação,k=3-4,,,span_mass,aggseq,0.0545,0.115,0.0606,0.0446,0.0767,3080.0,1939.0,0.0,PIOR que a base
qwen15b-ft-bc5cdr,decl-21-bc5cdr-decoder-15b,S3,verdict,avaliação,k>=5,,,span_mass,aggseq,0.0775,0.1669,0.0893,0.066,0.1139,1306.0,979.0,0.0,PIOR que a base
qwen15b-ft-bc5cdr,decl-21-bc5cdr-decoder-15b,S3,verdict,avaliação,aninhado,,,,,,,,,,147.0,,,NÃO AVALIADO (estrato pequeno ou de perda constante)
qwen15b-ft-bc5cdr,decl-21-bc5cdr-decoder-15b,S3,verdict,avaliação,plano,,,span_mass,aggseq,0.0651,0.14,0.0749,0.0628,0.0872,6975.0,2900.0,0.0,PIOR que a base
qwen15b-ft-bc5cdr,decl-21-bc5cdr-decoder-15b,S5,verdict,avaliação,todos,,,row_entropy_causal,model_confidence,0.0512,0.116,0.0648,0.056,0.0738,7122.0,2916.0,0.0,PIOR que a base
qwen15b-ft-bc5cdr,decl-21-bc5cdr-decoder-15b,S5,verdict,avaliação,k=1,,,row_entropy_causal,model_confidence,0.0696,0.1708,0.1011,0.074,0.1292,1216.0,895.0,0.0,PIOR que a base
qwen15b-ft-bc5cdr,decl-21-bc5cdr-decoder-15b,S5,verdict,avaliação,k=2,,,row_entropy_causal,model_confidence,0.0687,0.1311,0.0624,0.0426,0.0829,1520.0,1093.0,0.0,PIOR que a base
qwen15b-ft-bc5cdr,decl-21-bc5cdr-decoder-15b,S5,verdict,avaliação,k=3-4,,,row_entropy_causal,model_confidence,0.038,0.08,0.0421,0.0311,0.0533,3080.0,1939.0,0.0,PIOR que a base
qwen15b-ft-bc5cdr,decl-21-bc5cdr-decoder-15b,S5,verdict,avaliação,k>=5,,,row_entropy_causal,model_confidence,0.0529,0.1422,0.0893,0.0672,0.1132,1306.0,979.0,0.0,PIOR que a base
qwen15b-ft-bc5cdr,decl-21-bc5cdr-decoder-15b,S5,verdict,avaliação,aninhado,,,,,,,,,,147.0,,,NÃO AVALIADO (estrato pequeno ou de perda constante)
qwen15b-ft-bc5cdr,decl-21-bc5cdr-decoder-15b,S5,verdict,avaliação,plano,,,row_entropy_causal,model_confidence,0.0389,0.0958,0.0569,0.0491,0.0653,6975.0,2900.0,0.0,PIOR que a base
qwen15b-ft-bc5cdr,decl-21-bc5cdr-decoder-15b,S7,verdict,avaliação,todos,,,row_entropy_causal,aggseq,0.0769,0.116,0.0391,0.0254,0.0521,7122.0,2916.0,0.0,PIOR que a base
qwen15b-ft-bc5cdr,decl-21-bc5cdr-decoder-15b,S7,verdict,avaliação,k=1,,,row_entropy_causal,aggseq,0.1121,0.1708,0.0587,0.0162,0.0971,1216.0,895.0,0.0,PIOR que a base
qwen15b-ft-bc5cdr,decl-21-bc5cdr-decoder-15b,S7,verdict,avaliação,k=2,,,row_entropy_causal,aggseq,0.0937,0.1311,0.0374,0.0119,0.0615,1520.0,1093.0,0.0,PIOR que a base
qwen15b-ft-bc5cdr,decl-21-bc5cdr-decoder-15b,S7,verdict,avaliação,k=3-4,,,row_entropy_causal,aggseq,0.0545,0.08,0.0256,0.0128,0.0384,3080.0,1939.0,0.0,PIOR que a base
qwen15b-ft-bc5cdr,decl-21-bc5cdr-decoder-15b,S7,verdict,avaliação,k>=5,,,row_entropy_causal,aggseq,0.0775,0.1422,0.0647,0.0348,0.0908,1306.0,979.0,0.0,PIOR que a base
qwen15b-ft-bc5cdr,decl-21-bc5cdr-decoder-15b,S7,verdict,avaliação,aninhado,,,,,,,,,,147.0,,,NÃO AVALIADO (estrato pequeno ou de perda constante)
qwen15b-ft-bc5cdr,decl-21-bc5cdr-decoder-15b,S7,verdict,avaliação,plano,,,row_entropy_causal,aggseq,0.0651,0.0958,0.0307,0.0173,0.0426,6975.0,2900.0,0.0,PIOR que a base
qwen15b-ft-bc5cdr,decl-21-bc5cdr-decoder-15b,S9,verdict,avaliação,todos,,,row_max_causal,model_confidence,0.0512,0.1084,0.0572,0.0483,0.0661,7122.0,2916.0,0.0,PIOR que a base
qwen15b-ft-bc5cdr,decl-21-bc5cdr-decoder-15b,S9,verdict,avaliação,k=1,,,row_max_causal,model_confidence,0.0696,0.1795,0.1099,0.0808,0.1397,1216.0,895.0,0.0,PIOR que a base
qwen15b-ft-bc5cdr,decl-21-bc5cdr-decoder-15b,S9,verdict,avaliação,k=2,,,row_max_causal,model_confidence,0.0687,0.1304,0.0618,0.0418,0.083,1520.0,1093.0,0.0,PIOR que a base
qwen15b-ft-bc5cdr,decl-21-bc5cdr-decoder-15b,S9,verdict,avaliação,k=3-4,,,row_max_causal,model_confidence,0.038,0.0694,0.0314,0.0215,0.0419,3080.0,1939.0,0.0,PIOR que a base
qwen15b-ft-bc5cdr,decl-21-bc5cdr-decoder-15b,S9,verdict,avaliação,k>=5,,,row_max_causal,model_confidence,0.0529,0.1255,0.0726,0.0524,0.0944,1306.0,979.0,0.0,PIOR que a base
qwen15b-ft-bc5cdr,decl-21-bc5cdr-decoder-15b,S9,verdict,avaliação,aninhado,,,,,,,,,,147.0,,,NÃO AVALIADO (estrato pequeno ou de perda constante)
qwen15b-ft-bc5cdr,decl-21-bc5cdr-decoder-15b,S9,verdict,avaliação,plano,,,row_max_causal,model_confidence,0.0389,0.0909,0.0521,0.0445,0.0602,6975.0,2900.0,0.0,PIOR que a base
qwen15b-ft-bc5cdr,decl-21-bc5cdr-decoder-15b,S11,verdict,avaliação,todos,,,row_max_causal,aggseq,0.0769,0.1084,0.0315,0.0177,0.0447,7122.0,2916.0,0.0,PIOR que a base
qwen15b-ft-bc5cdr,decl-21-bc5cdr-decoder-15b,S11,verdict,avaliação,k=1,,,row_max_causal,aggseq,0.1121,0.1795,0.0675,0.0233,0.1072,1216.0,895.0,0.0,PIOR que a base
qwen15b-ft-bc5cdr,decl-21-bc5cdr-decoder-15b,S11,verdict,avaliação,k=2,,,row_max_causal,aggseq,0.0937,0.1304,0.0367,0.0117,0.0605,1520.0,1093.0,0.0,PIOR que a base
qwen15b-ft-bc5cdr,decl-21-bc5cdr-decoder-15b,S11,verdict,avaliação,k=3-4,,,row_max_causal,aggseq,0.0545,0.0694,0.0149,0.0026,0.0273,3080.0,1939.0,0.0,PIOR que a base
qwen15b-ft-bc5cdr,decl-21-bc5cdr-decoder-15b,S11,verdict,avaliação,k>=5,,,row_max_causal,aggseq,0.0775,0.1255,0.048,0.0203,0.0727,1306.0,979.0,0.0,PIOR que a base
qwen15b-ft-bc5cdr,decl-21-bc5cdr-decoder-15b,S11,verdict,avaliação,aninhado,,,,,,,,,,147.0,,,NÃO AVALIADO (estrato pequeno ou de perda constante)
qwen15b-ft-bc5cdr,decl-21-bc5cdr-decoder-15b,S11,verdict,avaliação,plano,,,row_max_causal,aggseq,0.0651,0.0909,0.0258,0.0121,0.0382,6975.0,2900.0,0.0,PIOR que a base
qwen15b-ft-bc5cdr,decl-21-bc5cdr-decoder-15b,S13,verdict,avaliação,todos,,,hidden_norm,model_confidence,0.0512,0.0977,0.0465,0.0382,0.0551,7122.0,2916.0,0.0,PIOR que a base
qwen15b-ft-bc5cdr,decl-21-bc5cdr-decoder-15b,S13,verdict,avaliação,k=1,,,hidden_norm,model_confidence,0.0696,0.2363,0.1667,0.1217,0.2196,1216.0,895.0,0.0,PIOR que a base
qwen15b-ft-bc5cdr,decl-21-bc5cdr-decoder-15b,S13,verdict,avaliação,k=2,,,hidden_norm,model_confidence,0.0687,0.1343,0.0656,0.0381,0.0934,1520.0,1093.0,0.0,PIOR que a base
qwen15b-ft-bc5cdr,decl-21-bc5cdr-decoder-15b,S13,verdict,avaliação,k=3-4,,,hidden_norm,model_confidence,0.038,0.064,0.026,0.0165,0.0362,3080.0,1939.0,0.0,PIOR que a base
qwen15b-ft-bc5cdr,decl-21-bc5cdr-decoder-15b,S13,verdict,avaliação,k>=5,,,hidden_norm,model_confidence,0.0529,0.0969,0.044,0.0271,0.0618,1306.0,979.0,0.0,PIOR que a base
qwen15b-ft-bc5cdr,decl-21-bc5cdr-decoder-15b,S13,verdict,avaliação,aninhado,,,,,,,,,,147.0,,,NÃO AVALIADO (estrato pequeno ou de perda constante)
qwen15b-ft-bc5cdr,decl-21-bc5cdr-decoder-15b,S13,verdict,avaliação,plano,,,hidden_norm,model_confidence,0.0389,0.0818,0.0429,0.0351,0.0512,6975.0,2900.0,0.0,PIOR que a base
qwen15b-ft-bc5cdr,decl-21-bc5cdr-decoder-15b,S15,verdict,avaliação,todos,,,hidden_norm,aggseq,0.0769,0.0977,0.0208,0.0096,0.0314,7122.0,2916.0,0.0,PIOR que a base
qwen15b-ft-bc5cdr,decl-21-bc5cdr-decoder-15b,S15,verdict,avaliação,k=1,,,hidden_norm,aggseq,0.1121,0.2363,0.1243,0.0832,0.1633,1216.0,895.0,0.0,PIOR que a base
qwen15b-ft-bc5cdr,decl-21-bc5cdr-decoder-15b,S15,verdict,avaliação,k=2,,,hidden_norm,aggseq,0.0937,0.1343,0.0406,0.016,0.0648,1520.0,1093.0,0.0,PIOR que a base
qwen15b-ft-bc5cdr,decl-21-bc5cdr-decoder-15b,S15,verdict,avaliação,k=3-4,,,hidden_norm,aggseq,0.0545,0.064,0.0095,-0.0035,0.0224,3080.0,1939.0,0.0,NÃO ACRESCENTA (IC contém zero)
qwen15b-ft-bc5cdr,decl-21-bc5cdr-decoder-15b,S15,verdict,avaliação,k>=5,,,hidden_norm,aggseq,0.0775,0.0969,0.0194,-0.0022,0.0402,1306.0,979.0,0.0,NÃO ACRESCENTA (IC contém zero)
qwen15b-ft-bc5cdr,decl-21-bc5cdr-decoder-15b,S15,verdict,avaliação,aninhado,,,,,,,,,,147.0,,,NÃO AVALIADO (estrato pequeno ou de perda constante)
qwen15b-ft-bc5cdr,decl-21-bc5cdr-decoder-15b,S15,verdict,avaliação,plano,,,hidden_norm,aggseq,0.0651,0.0818,0.0167,0.0057,0.0275,6975.0,2900.0,0.0,PIOR que a base
qwen15b-ft-bc5cdr,decl-21-bc5cdr-decoder-15b,S17,verdict,avaliação,todos,,,hidden_dist_centroide,model_confidence,0.0512,0.1258,0.0746,0.0628,0.0859,7122.0,2916.0,0.0,PIOR que a base
qwen15b-ft-bc5cdr,decl-21-bc5cdr-decoder-15b,S17,verdict,avaliação,k=1,,,hidden_dist_centroide,model_confidence,0.0696,0.2281,0.1585,0.1242,0.192,1216.0,895.0,0.0,PIOR que a base
qwen15b-ft-bc5cdr,decl-21-bc5cdr-decoder-15b,S17,verdict,avaliação,k=2,,,hidden_dist_centroide,model_confidence,0.0687,0.1834,0.1148,0.0893,0.1408,1520.0,1093.0,0.0,PIOR que a base
qwen15b-ft-bc5cdr,decl-21-bc5cdr-decoder-15b,S17,verdict,avaliação,k=3-4,,,hidden_dist_centroide,model_confidence,0.038,0.0601,0.0222,0.0116,0.0326,3080.0,1939.0,0.0,PIOR que a base
qwen15b-ft-bc5cdr,decl-21-bc5cdr-decoder-15b,S17,verdict,avaliação,k>=5,,,hidden_dist_centroide,model_confidence,0.0529,0.078,0.0251,0.0091,0.0406,1306.0,979.0,0.0,PIOR que a base
qwen15b-ft-bc5cdr,decl-21-bc5cdr-decoder-15b,S17,verdict,avaliação,aninhado,,,,,,,,,,147.0,,,NÃO AVALIADO (estrato pequeno ou de perda constante)
qwen15b-ft-bc5cdr,decl-21-bc5cdr-decoder-15b,S17,verdict,avaliação,plano,,,hidden_dist_centroide,model_confidence,0.0389,0.1101,0.0712,0.0606,0.0826,6975.0,2900.0,0.0,PIOR que a base
qwen15b-ft-bc5cdr,decl-21-bc5cdr-decoder-15b,S19,verdict,avaliação,todos,,,hidden_dist_centroide,aggseq,0.0769,0.1258,0.0489,0.0355,0.0628,7122.0,2916.0,0.0,PIOR que a base
qwen15b-ft-bc5cdr,decl-21-bc5cdr-decoder-15b,S19,verdict,avaliação,k=1,,,hidden_dist_centroide,aggseq,0.1121,0.2281,0.116,0.0745,0.1583,1216.0,895.0,0.0,PIOR que a base
qwen15b-ft-bc5cdr,decl-21-bc5cdr-decoder-15b,S19,verdict,avaliação,k=2,,,hidden_dist_centroide,aggseq,0.0937,0.1834,0.0897,0.0621,0.1183,1520.0,1093.0,0.0,PIOR que a base
qwen15b-ft-bc5cdr,decl-21-bc5cdr-decoder-15b,S19,verdict,avaliação,k=3-4,,,hidden_dist_centroide,aggseq,0.0545,0.0601,0.0057,-0.0071,0.0179,3080.0,1939.0,0.0,NÃO ACRESCENTA (IC contém zero)
qwen15b-ft-bc5cdr,decl-21-bc5cdr-decoder-15b,S19,verdict,avaliação,k>=5,,,hidden_dist_centroide,aggseq,0.0775,0.078,0.0005,-0.0161,0.0167,1306.0,979.0,0.0,NÃO ACRESCENTA (IC contém zero)
qwen15b-ft-bc5cdr,decl-21-bc5cdr-decoder-15b,S19,verdict,avaliação,aninhado,,,,,,,,,,147.0,,,NÃO AVALIADO (estrato pequeno ou de perda constante)
qwen15b-ft-bc5cdr,decl-21-bc5cdr-decoder-15b,S19,verdict,avaliação,plano,,,hidden_dist_centroide,aggseq,0.0651,0.1101,0.045,0.0316,0.0579,6975.0,2900.0,0.0,PIOR que a base
qwen15b-ft-bc5cdr,decl-21-bc5cdr-decoder-15b,S21,verdict,avaliação,todos,,,hidden_delta_camadas,model_confidence,0.0512,0.1044,0.0532,0.0442,0.0627,7122.0,2916.0,0.0,PIOR que a base
qwen15b-ft-bc5cdr,decl-21-bc5cdr-decoder-15b,S21,verdict,avaliação,k=1,,,hidden_delta_camadas,model_confidence,0.0696,0.1601,0.0905,0.0568,0.1282,1216.0,895.0,0.0,PIOR que a base
qwen15b-ft-bc5cdr,decl-21-bc5cdr-decoder-15b,S21,verdict,avaliação,k=2,,,hidden_delta_camadas,model_confidence,0.0687,0.1408,0.0721,0.046,0.0968,1520.0,1093.0,0.0,PIOR que a base
qwen15b-ft-bc5cdr,decl-21-bc5cdr-decoder-15b,S21,verdict,avaliação,k=3-4,,,hidden_delta_camadas,model_confidence,0.038,0.0756,0.0377,0.0257,0.0499,3080.0,1939.0,0.0,PIOR que a base
qwen15b-ft-bc5cdr,decl-21-bc5cdr-decoder-15b,S21,verdict,avaliação,k>=5,,,hidden_delta_camadas,model_confidence,0.0529,0.111,0.0581,0.0394,0.0777,1306.0,979.0,0.0,PIOR que a base
qwen15b-ft-bc5cdr,decl-21-bc5cdr-decoder-15b,S21,verdict,avaliação,aninhado,,,,,,,,,,147.0,,,NÃO AVALIADO (estrato pequeno ou de perda constante)
qwen15b-ft-bc5cdr,decl-21-bc5cdr-decoder-15b,S21,verdict,avaliação,plano,,,hidden_delta_camadas,model_confidence,0.0389,0.0869,0.048,0.0397,0.0564,6975.0,2900.0,0.0,PIOR que a base
qwen15b-ft-bc5cdr,decl-21-bc5cdr-decoder-15b,S23,verdict,avaliação,todos,,,hidden_delta_camadas,aggseq,0.0769,0.1044,0.0275,0.0127,0.0403,7122.0,2916.0,0.0,PIOR que a base
qwen15b-ft-bc5cdr,decl-21-bc5cdr-decoder-15b,S23,verdict,avaliação,k=1,,,hidden_delta_camadas,aggseq,0.1121,0.1601,0.0481,0.0119,0.0921,1216.0,895.0,0.0,PIOR que a base
qwen15b-ft-bc5cdr,decl-21-bc5cdr-decoder-15b,S23,verdict,avaliação,k=2,,,hidden_delta_camadas,aggseq,0.0937,0.1408,0.0471,0.0207,0.0744,1520.0,1093.0,0.0,PIOR que a base
qwen15b-ft-bc5cdr,decl-21-bc5cdr-decoder-15b,S23,verdict,avaliação,k=3-4,,,hidden_delta_camadas,aggseq,0.0545,0.0756,0.0212,0.0077,0.0352,3080.0,1939.0,0.0,PIOR que a base
qwen15b-ft-bc5cdr,decl-21-bc5cdr-decoder-15b,S23,verdict,avaliação,k>=5,,,hidden_delta_camadas,aggseq,0.0775,0.111,0.0335,0.0079,0.0587,1306.0,979.0,0.0,PIOR que a base
qwen15b-ft-bc5cdr,decl-21-bc5cdr-decoder-15b,S23,verdict,avaliação,aninhado,,,,,,,,,,147.0,,,NÃO AVALIADO (estrato pequeno ou de perda constante)
qwen15b-ft-bc5cdr,decl-21-bc5cdr-decoder-15b,S23,verdict,avaliação,plano,,,hidden_delta_camadas,aggseq,0.0651,0.0869,0.0218,0.0073,0.0344,6975.0,2900.0,0.0,PIOR que a base
qwen15b-ft-bc5cdr,decl-21-bc5cdr-decoder-15b,E25,verdict,avaliação,todos,,,sonda_ocultos,model_confidence,0.0512,0.041,-0.0102,-0.0179,-0.003,7122.0,2916.0,0.0,ACRESCENTA
qwen15b-ft-bc5cdr,decl-21-bc5cdr-decoder-15b,E25,verdict,avaliação,k=1,,,sonda_ocultos,model_confidence,0.0696,0.0591,-0.0106,-0.0295,0.007,1216.0,895.0,0.0,NÃO ACRESCENTA (IC contém zero)
qwen15b-ft-bc5cdr,decl-21-bc5cdr-decoder-15b,E25,verdict,avaliação,k=2,,,sonda_ocultos,model_confidence,0.0687,0.0454,-0.0233,-0.0399,-0.0066,1520.0,1093.0,0.0,ACRESCENTA
qwen15b-ft-bc5cdr,decl-21-bc5cdr-decoder-15b,E25,verdict,avaliação,k=3-4,,,sonda_ocultos,model_confidence,0.038,0.0311,-0.0069,-0.017,0.0032,3080.0,1939.0,0.0,NÃO ACRESCENTA (IC contém zero)
qwen15b-ft-bc5cdr,decl-21-bc5cdr-decoder-15b,E25,verdict,avaliação,k>=5,,,sonda_ocultos,model_confidence,0.0529,0.0451,-0.0078,-0.0233,0.0077,1306.0,979.0,0.0,NÃO ACRESCENTA (IC contém zero)
qwen15b-ft-bc5cdr,decl-21-bc5cdr-decoder-15b,E25,verdict,avaliação,aninhado,,,,,,,,,,147.0,,,NÃO AVALIADO (estrato pequeno ou de perda constante)
qwen15b-ft-bc5cdr,decl-21-bc5cdr-decoder-15b,E25,verdict,avaliação,plano,,,sonda_ocultos,model_confidence,0.0389,0.0293,-0.0096,-0.015,-0.0042,6975.0,2900.0,0.0,ACRESCENTA
qwen15b-ft-bc5cdr,decl-21-bc5cdr-decoder-15b,E27,verdict,avaliação,todos,,,sonda_ocultos,aggseq,0.0769,0.041,-0.0359,-0.0492,-0.0243,7122.0,2916.0,0.0,ACRESCENTA
qwen15b-ft-bc5cdr,decl-21-bc5cdr-decoder-15b,E27,verdict,avaliação,k=1,,,sonda_ocultos,aggseq,0.1121,0.0591,-0.053,-0.0883,-0.022,1216.0,895.0,0.0,ACRESCENTA
qwen15b-ft-bc5cdr,decl-21-bc5cdr-decoder-15b,E27,verdict,avaliação,k=2,,,sonda_ocultos,aggseq,0.0937,0.0454,-0.0483,-0.073,-0.026,1520.0,1093.0,0.0,ACRESCENTA
qwen15b-ft-bc5cdr,decl-21-bc5cdr-decoder-15b,E27,verdict,avaliação,k=3-4,,,sonda_ocultos,aggseq,0.0545,0.0311,-0.0234,-0.036,-0.0109,3080.0,1939.0,0.0,ACRESCENTA
qwen15b-ft-bc5cdr,decl-21-bc5cdr-decoder-15b,E27,verdict,avaliação,k>=5,,,sonda_ocultos,aggseq,0.0775,0.0451,-0.0324,-0.0565,-0.0111,1306.0,979.0,0.0,ACRESCENTA
qwen15b-ft-bc5cdr,decl-21-bc5cdr-decoder-15b,E27,verdict,avaliação,aninhado,,,,,,,,,,147.0,,,NÃO AVALIADO (estrato pequeno ou de perda constante)
qwen15b-ft-bc5cdr,decl-21-bc5cdr-decoder-15b,E27,verdict,avaliação,plano,,,sonda_ocultos,aggseq,0.0651,0.0293,-0.0358,-0.0492,-0.0249,6975.0,2900.0,0.0,ACRESCENTA
qwen15b-ft-bc5cdr,decl-21-bc5cdr-decoder-15b,E29,verdict,avaliação,todos,,,sonda_atencao_cabecas,model_confidence,0.0512,0.0538,0.0026,-0.0036,0.0088,7122.0,2916.0,0.0,NÃO ACRESCENTA (IC contém zero)
qwen15b-ft-bc5cdr,decl-21-bc5cdr-decoder-15b,E29,verdict,avaliação,k=1,,,sonda_atencao_cabecas,model_confidence,0.0696,0.0681,-0.0016,-0.0154,0.0112,1216.0,895.0,0.0,NÃO ACRESCENTA (IC contém zero)
qwen15b-ft-bc5cdr,decl-21-bc5cdr-decoder-15b,E29,verdict,avaliação,k=2,,,sonda_atencao_cabecas,model_confidence,0.0687,0.0622,-0.0065,-0.0228,0.0093,1520.0,1093.0,0.0,NÃO ACRESCENTA (IC contém zero)
qwen15b-ft-bc5cdr,decl-21-bc5cdr-decoder-15b,E29,verdict,avaliação,k=3-4,,,sonda_atencao_cabecas,model_confidence,0.038,0.0363,-0.0016,-0.0098,0.0063,3080.0,1939.0,0.0,NÃO ACRESCENTA (IC contém zero)
qwen15b-ft-bc5cdr,decl-21-bc5cdr-decoder-15b,E29,verdict,avaliação,k>=5,,,sonda_atencao_cabecas,model_confidence,0.0529,0.0796,0.0267,0.0086,0.0442,1306.0,979.0,0.0,PIOR que a base
qwen15b-ft-bc5cdr,decl-21-bc5cdr-decoder-15b,E29,verdict,avaliação,aninhado,,,,,,,,,,147.0,,,NÃO AVALIADO (estrato pequeno ou de perda constante)
qwen15b-ft-bc5cdr,decl-21-bc5cdr-decoder-15b,E29,verdict,avaliação,plano,,,sonda_atencao_cabecas,model_confidence,0.0389,0.0439,0.005,-0.0005,0.0102,6975.0,2900.0,0.0,NÃO ACRESCENTA (IC contém zero)
qwen15b-ft-bc5cdr,decl-21-bc5cdr-decoder-15b,E31,verdict,avaliação,todos,,,sonda_atencao_cabecas,aggseq,0.0769,0.0538,-0.0231,-0.0363,-0.0121,7122.0,2916.0,0.0,ACRESCENTA
qwen15b-ft-bc5cdr,decl-21-bc5cdr-decoder-15b,E31,verdict,avaliação,k=1,,,sonda_atencao_cabecas,aggseq,0.1121,0.0681,-0.044,-0.0817,-0.0133,1216.0,895.0,0.0,ACRESCENTA
qwen15b-ft-bc5cdr,decl-21-bc5cdr-decoder-15b,E31,verdict,avaliação,k=2,,,sonda_atencao_cabecas,aggseq,0.0937,0.0622,-0.0315,-0.0552,-0.0107,1520.0,1093.0,0.0,ACRESCENTA
qwen15b-ft-bc5cdr,decl-21-bc5cdr-decoder-15b,E31,verdict,avaliação,k=3-4,,,sonda_atencao_cabecas,aggseq,0.0545,0.0363,-0.0181,-0.0292,-0.007,3080.0,1939.0,0.0,ACRESCENTA
qwen15b-ft-bc5cdr,decl-21-bc5cdr-decoder-15b,E31,verdict,avaliação,k>=5,,,sonda_atencao_cabecas,aggseq,0.0775,0.0796,0.0021,-0.0215,0.0253,1306.0,979.0,0.0,NÃO ACRESCENTA (IC contém zero)
qwen15b-ft-bc5cdr,decl-21-bc5cdr-decoder-15b,E31,verdict,avaliação,aninhado,,,,,,,,,,147.0,,,NÃO AVALIADO (estrato pequeno ou de perda constante)
qwen15b-ft-bc5cdr,decl-21-bc5cdr-decoder-15b,E31,verdict,avaliação,plano,,,sonda_atencao_cabecas,aggseq,0.0651,0.0439,-0.0212,-0.0349,-0.01,6975.0,2900.0,0.0,ACRESCENTA
qwen15b-ft-bc5cdr,decl-21-bc5cdr-decoder-15b,escores,descriptive,avaliação,todos,aurc_acaso,0.1369,,,,,,,,,,,
qwen15b-ft-bc5cdr,decl-21-bc5cdr-decoder-15b,escores,descriptive,avaliação,todos,aurc_span_size,0.1542,,,,,,,,,,,NÃO melhor que o acaso
qwen15b-ft-bc5cdr,decl-21-bc5cdr-decoder-15b,escores,descriptive,avaliação,todos,aurc_geometric_fraction,0.1321,,,,,,,,,,,melhor que o acaso
qwen15b-ft-bc5cdr,decl-21-bc5cdr-decoder-15b,escores,descriptive,avaliação,todos,aurc_sentence_length,0.1534,,,,,,,,,,,NÃO melhor que o acaso
qwen15b-ft-bc5cdr,decl-21-bc5cdr-decoder-15b,escores,descriptive,avaliação,todos,aurc_row_entropy_causal,0.1636,,,,,,,,,,,NÃO melhor que o acaso
qwen15b-ft-bc5cdr,decl-21-bc5cdr-decoder-15b,escores,descriptive,avaliação,todos,aurc_row_max_causal,0.1084,,,,,,,,,,,melhor que o acaso
qwen15b-ft-bc5cdr,decl-21-bc5cdr-decoder-15b,escores,descriptive,avaliação,todos,aurc_hidden_norm,0.1715,,,,,,,,,,,NÃO melhor que o acaso
qwen15b-ft-bc5cdr,decl-21-bc5cdr-decoder-15b,escores,descriptive,avaliação,todos,aurc_hidden_dist_centroide,0.1258,,,,,,,,,,,melhor que o acaso
qwen15b-ft-bc5cdr,decl-21-bc5cdr-decoder-15b,escores,descriptive,avaliação,todos,aurc_hidden_delta_camadas,0.1742,,,,,,,,,,,NÃO melhor que o acaso
qwen15b-ft-bc5cdr,decl-21-bc5cdr-decoder-15b,escores,descriptive,avaliação,todos,aurc_sonda_ocultos,0.041,,,,,,,,,,,melhor que o acaso
qwen15b-ft-bc5cdr,decl-21-bc5cdr-decoder-15b,escores,descriptive,avaliação,todos,aurc_sonda_atencao_cabecas,0.0538,,,,,,,,,,,melhor que o acaso
qwen15b-ft-bc5cdr,decl-21-bc5cdr-decoder-15b,escores,descriptive,avaliação,todos,aurc_span_mass,0.1406,,,,,,,,,,,NÃO melhor que o acaso
qwen15b-ft-bc5cdr,decl-21-bc5cdr-decoder-15b,escores,descriptive,avaliação,todos,aurc_model_confidence,0.0512,,,,,,,,,,,melhor que o acaso
qwen15b-ft-bc5cdr,decl-21-bc5cdr-decoder-15b,controle,descriptive,teste inteiro,todos,corr_span_size_vs_comprimento,0.0622,,,,,,,,,,,
qwen15b-ft-bc5cdr,decl-21-bc5cdr-decoder-15b,controle,descriptive,teste inteiro,todos,corr_geometric_fraction_vs_comprimento,-0.3375,,,,,,,,,,,
qwen15b-ft-bc5cdr,decl-21-bc5cdr-decoder-15b,controle,descriptive,teste inteiro,todos,corr_sentence_length_vs_comprimento,1.0,,,,,,,,,,,
qwen15b-ft-bc5cdr,decl-21-bc5cdr-decoder-15b,controle,descriptive,teste inteiro,todos,corr_row_entropy_causal_vs_comprimento,0.5094,,,,,,,,,,,
qwen15b-ft-bc5cdr,decl-21-bc5cdr-decoder-15b,controle,descriptive,teste inteiro,todos,corr_row_max_causal_vs_comprimento,-0.4285,,,,,,,,,,,
qwen15b-ft-bc5cdr,decl-21-bc5cdr-decoder-15b,controle,descriptive,teste inteiro,todos,corr_hidden_norm_vs_comprimento,-0.0496,,,,,,,,,,,
qwen15b-ft-bc5cdr,decl-21-bc5cdr-decoder-15b,controle,descriptive,teste inteiro,todos,corr_hidden_dist_centroide_vs_comprimento,0.1117,,,,,,,,,,,
qwen15b-ft-bc5cdr,decl-21-bc5cdr-decoder-15b,controle,descriptive,teste inteiro,todos,corr_hidden_delta_camadas_vs_comprimento,-0.1073,,,,,,,,,,,
qwen15b-ft-bc5cdr,decl-21-bc5cdr-decoder-15b,controle,descriptive,teste inteiro,todos,corr_sonda_ocultos_vs_comprimento,-0.0268,,,,,,,,,,,
qwen15b-ft-bc5cdr,decl-21-bc5cdr-decoder-15b,controle,descriptive,teste inteiro,todos,corr_sonda_atencao_cabecas_vs_comprimento,-0.0216,,,,,,,,,,,
qwen15b-ft-bc5cdr,decl-21-bc5cdr-decoder-15b,controle,descriptive,teste inteiro,todos,corr_span_mass_vs_comprimento,-0.4191,,,,,,,,,,,
qwen15b-ft-bc5cdr,decl-21-bc5cdr-decoder-15b,controle,descriptive,teste inteiro,todos,corr_model_confidence_vs_comprimento,-0.0595,,,,,,,,,,,
qwen15b-ft-bc5cdr,adenda-01,AD1-A-sonda_ocultos,verdict,avaliação,todos,,,sonda_ocultos,base_treinada,0.0892,0.041,-0.0482,-0.0591,-0.0377,7122.0,2916.0,0.0,ACRESCENTA
qwen15b-ft-bc5cdr,adenda-01,AD1-A-sonda_ocultos,verdict,avaliação,k=1,,,sonda_ocultos,base_treinada,0.1012,0.0591,-0.0421,-0.0679,-0.0202,1216.0,895.0,0.0,ACRESCENTA
qwen15b-ft-bc5cdr,adenda-01,AD1-A-sonda_ocultos,verdict,avaliação,k=2,,,sonda_ocultos,base_treinada,0.0927,0.0454,-0.0473,-0.0675,-0.0278,1520.0,1093.0,0.0,ACRESCENTA
qwen15b-ft-bc5cdr,adenda-01,AD1-A-sonda_ocultos,verdict,avaliação,k=3-4,,,sonda_ocultos,base_treinada,0.0711,0.0311,-0.04,-0.0539,-0.0264,3080.0,1939.0,0.0,ACRESCENTA
qwen15b-ft-bc5cdr,adenda-01,AD1-A-sonda_ocultos,verdict,avaliação,k>=5,,,sonda_ocultos,base_treinada,0.1123,0.0451,-0.0672,-0.0966,-0.0423,1306.0,979.0,0.0,ACRESCENTA
qwen15b-ft-bc5cdr,adenda-01,AD1-A-sonda_ocultos,verdict,avaliação,aninhado,,,,,,,,,,147.0,,,NÃO AVALIADO (estrato pequeno ou de perda constante)
qwen15b-ft-bc5cdr,adenda-01,AD1-A-sonda_ocultos,verdict,avaliação,plano,,,sonda_ocultos,base_treinada,0.0784,0.0293,-0.0492,-0.0595,-0.0388,6975.0,2900.0,0.0,ACRESCENTA
qwen15b-ft-bc5cdr,adenda-01,AD1-A-sonda_atencao_cabecas,verdict,avaliação,todos,,,sonda_atencao_cabecas,base_treinada,0.0892,0.0538,-0.0354,-0.0455,-0.0258,7122.0,2916.0,0.0,ACRESCENTA
qwen15b-ft-bc5cdr,adenda-01,AD1-A-sonda_atencao_cabecas,verdict,avaliação,k=1,,,sonda_atencao_cabecas,base_treinada,0.1012,0.0681,-0.0332,-0.0592,-0.0107,1216.0,895.0,0.0,ACRESCENTA
qwen15b-ft-bc5cdr,adenda-01,AD1-A-sonda_atencao_cabecas,verdict,avaliação,k=2,,,sonda_atencao_cabecas,base_treinada,0.0927,0.0622,-0.0305,-0.0476,-0.015,1520.0,1093.0,0.0,ACRESCENTA
qwen15b-ft-bc5cdr,adenda-01,AD1-A-sonda_atencao_cabecas,verdict,avaliação,k=3-4,,,sonda_atencao_cabecas,base_treinada,0.0711,0.0363,-0.0347,-0.048,-0.0221,3080.0,1939.0,0.0,ACRESCENTA
qwen15b-ft-bc5cdr,adenda-01,AD1-A-sonda_atencao_cabecas,verdict,avaliação,k>=5,,,sonda_atencao_cabecas,base_treinada,0.1123,0.0796,-0.0327,-0.0617,-0.0059,1306.0,979.0,0.0,ACRESCENTA
qwen15b-ft-bc5cdr,adenda-01,AD1-A-sonda_atencao_cabecas,verdict,avaliação,aninhado,,,,,,,,,,147.0,,,NÃO AVALIADO (estrato pequeno ou de perda constante)
qwen15b-ft-bc5cdr,adenda-01,AD1-A-sonda_atencao_cabecas,verdict,avaliação,plano,,,sonda_atencao_cabecas,base_treinada,0.0784,0.0439,-0.0345,-0.045,-0.0247,6975.0,2900.0,0.0,ACRESCENTA
qwen15b-ft-bc5cdr,adenda-01,AD1-A-sonda_ocultos_ajustada,verdict,avaliação,todos,,,sonda_ocultos_ajustada,base_treinada_ajustada,0.0887,0.0316,-0.0571,-0.0676,-0.0472,7122.0,2916.0,0.0,ACRESCENTA
qwen15b-ft-bc5cdr,adenda-01,AD1-A-sonda_ocultos_ajustada,verdict,avaliação,k=1,,,sonda_ocultos_ajustada,base_treinada_ajustada,0.1008,0.0506,-0.0502,-0.0756,-0.0277,1216.0,895.0,0.0,ACRESCENTA
qwen15b-ft-bc5cdr,adenda-01,AD1-A-sonda_ocultos_ajustada,verdict,avaliação,k=2,,,sonda_ocultos_ajustada,base_treinada_ajustada,0.0922,0.0377,-0.0545,-0.0725,-0.0368,1520.0,1093.0,0.0,ACRESCENTA
qwen15b-ft-bc5cdr,adenda-01,AD1-A-sonda_ocultos_ajustada,verdict,avaliação,k=3-4,,,sonda_ocultos_ajustada,base_treinada_ajustada,0.0705,0.0205,-0.0501,-0.0636,-0.0372,3080.0,1939.0,0.0,ACRESCENTA
qwen15b-ft-bc5cdr,adenda-01,AD1-A-sonda_ocultos_ajustada,verdict,avaliação,k>=5,,,sonda_ocultos_ajustada,base_treinada_ajustada,0.1113,0.0367,-0.0746,-0.1025,-0.051,1306.0,979.0,0.0,ACRESCENTA
qwen15b-ft-bc5cdr,adenda-01,AD1-A-sonda_ocultos_ajustada,verdict,avaliação,aninhado,,,,,,,,,,147.0,,,NÃO AVALIADO (estrato pequeno ou de perda constante)
qwen15b-ft-bc5cdr,adenda-01,AD1-A-sonda_ocultos_ajustada,verdict,avaliação,plano,,,sonda_ocultos_ajustada,base_treinada_ajustada,0.0779,0.0219,-0.0561,-0.0661,-0.0462,6975.0,2900.0,0.0,ACRESCENTA
qwen15b-ft-bc5cdr,adenda-01,AD1-A-sonda_atencao_cabecas_ajustada,verdict,avaliação,todos,,,sonda_atencao_cabecas_ajustada,base_treinada_ajustada,0.0887,0.0373,-0.0514,-0.0617,-0.0416,7122.0,2916.0,0.0,ACRESCENTA
qwen15b-ft-bc5cdr,adenda-01,AD1-A-sonda_atencao_cabecas_ajustada,verdict,avaliação,k=1,,,sonda_atencao_cabecas_ajustada,base_treinada_ajustada,0.1008,0.0578,-0.043,-0.0701,-0.0198,1216.0,895.0,0.0,ACRESCENTA
qwen15b-ft-bc5cdr,adenda-01,AD1-A-sonda_atencao_cabecas_ajustada,verdict,avaliação,k=2,,,sonda_atencao_cabecas_ajustada,base_treinada_ajustada,0.0922,0.0438,-0.0485,-0.0649,-0.0329,1520.0,1093.0,0.0,ACRESCENTA
qwen15b-ft-bc5cdr,adenda-01,AD1-A-sonda_atencao_cabecas_ajustada,verdict,avaliação,k=3-4,,,sonda_atencao_cabecas_ajustada,base_treinada_ajustada,0.0705,0.0242,-0.0463,-0.0602,-0.0333,3080.0,1939.0,0.0,ACRESCENTA
qwen15b-ft-bc5cdr,adenda-01,AD1-A-sonda_atencao_cabecas_ajustada,verdict,avaliação,k>=5,,,sonda_atencao_cabecas_ajustada,base_treinada_ajustada,0.1113,0.0504,-0.0609,-0.0883,-0.0364,1306.0,979.0,0.0,ACRESCENTA
qwen15b-ft-bc5cdr,adenda-01,AD1-A-sonda_atencao_cabecas_ajustada,verdict,avaliação,aninhado,,,,,,,,,,147.0,,,NÃO AVALIADO (estrato pequeno ou de perda constante)
qwen15b-ft-bc5cdr,adenda-01,AD1-A-sonda_atencao_cabecas_ajustada,verdict,avaliação,plano,,,sonda_atencao_cabecas_ajustada,base_treinada_ajustada,0.0779,0.0279,-0.05,-0.0608,-0.0399,6975.0,2900.0,0.0,ACRESCENTA
qwen15b-ft-bc5cdr,adenda-01,escores,descriptive,avaliação,todos,aurc_acaso,0.1369,,,,,,,,,,,
qwen15b-ft-bc5cdr,adenda-01,escores,descriptive,avaliação,todos,aurc_span_size,0.1542,,,,,,,,,,,NÃO melhor que o acaso
qwen15b-ft-bc5cdr,adenda-01,escores,descriptive,avaliação,todos,aurc_geometric_fraction,0.1321,,,,,,,,,,,melhor que o acaso
qwen15b-ft-bc5cdr,adenda-01,escores,descriptive,avaliação,todos,aurc_sentence_length,0.1534,,,,,,,,,,,NÃO melhor que o acaso
qwen15b-ft-bc5cdr,adenda-01,escores,descriptive,avaliação,todos,aurc_row_entropy_causal,0.1636,,,,,,,,,,,NÃO melhor que o acaso
qwen15b-ft-bc5cdr,adenda-01,escores,descriptive,avaliação,todos,aurc_row_max_causal,0.1084,,,,,,,,,,,melhor que o acaso
qwen15b-ft-bc5cdr,adenda-01,escores,descriptive,avaliação,todos,aurc_hidden_norm,0.1715,,,,,,,,,,,NÃO melhor que o acaso
qwen15b-ft-bc5cdr,adenda-01,escores,descriptive,avaliação,todos,aurc_hidden_dist_centroide,0.1258,,,,,,,,,,,melhor que o acaso
qwen15b-ft-bc5cdr,adenda-01,escores,descriptive,avaliação,todos,aurc_hidden_delta_camadas,0.1742,,,,,,,,,,,NÃO melhor que o acaso
qwen15b-ft-bc5cdr,adenda-01,escores,descriptive,avaliação,todos,aurc_sonda_ocultos,0.041,,,,,,,,,,,melhor que o acaso
qwen15b-ft-bc5cdr,adenda-01,escores,descriptive,avaliação,todos,aurc_sonda_atencao_cabecas,0.0538,,,,,,,,,,,melhor que o acaso
qwen15b-ft-bc5cdr,adenda-01,escores,descriptive,avaliação,todos,aurc_span_mass,0.1406,,,,,,,,,,,NÃO melhor que o acaso
qwen15b-ft-bc5cdr,adenda-01,escores,descriptive,avaliação,todos,aurc_model_confidence,0.0512,,,,,,,,,,,melhor que o acaso
qwen15b-ft-bc5cdr,adenda-01,controle,descriptive,teste inteiro,todos,corr_span_size_vs_comprimento,0.0622,,,,,,,,,,,
qwen15b-ft-bc5cdr,adenda-01,controle,descriptive,teste inteiro,todos,corr_geometric_fraction_vs_comprimento,-0.3375,,,,,,,,,,,
qwen15b-ft-bc5cdr,adenda-01,controle,descriptive,teste inteiro,todos,corr_sentence_length_vs_comprimento,1.0,,,,,,,,,,,
qwen15b-ft-bc5cdr,adenda-01,controle,descriptive,teste inteiro,todos,corr_row_entropy_causal_vs_comprimento,0.5094,,,,,,,,,,,
qwen15b-ft-bc5cdr,adenda-01,controle,descriptive,teste inteiro,todos,corr_row_max_causal_vs_comprimento,-0.4285,,,,,,,,,,,
qwen15b-ft-bc5cdr,adenda-01,controle,descriptive,teste inteiro,todos,corr_hidden_norm_vs_comprimento,-0.0496,,,,,,,,,,,
qwen15b-ft-bc5cdr,adenda-01,controle,descriptive,teste inteiro,todos,corr_hidden_dist_centroide_vs_comprimento,0.1117,,,,,,,,,,,
qwen15b-ft-bc5cdr,adenda-01,controle,descriptive,teste inteiro,todos,corr_hidden_delta_camadas_vs_comprimento,-0.1073,,,,,,,,,,,
qwen15b-ft-bc5cdr,adenda-01,controle,descriptive,teste inteiro,todos,corr_sonda_ocultos_vs_comprimento,-0.0268,,,,,,,,,,,
qwen15b-ft-bc5cdr,adenda-01,controle,descriptive,teste inteiro,todos,corr_sonda_atencao_cabecas_vs_comprimento,-0.0216,,,,,,,,,,,
qwen15b-ft-bc5cdr,adenda-01,controle,descriptive,teste inteiro,todos,corr_span_mass_vs_comprimento,-0.4191,,,,,,,,,,,
qwen15b-ft-bc5cdr,adenda-01,controle,descriptive,teste inteiro,todos,corr_model_confidence_vs_comprimento,-0.0595,,,,,,,,,,,
